p-47m-1-re_boxted ,⋠P-47M-1-RE 
p-63c-5_kingcobra_animal_version ,␠Kingcobra 
a6m2_zero_usa ,▃A6M2 
bf-109f-4_usa ,▃Bf 109 F-4 
fw-190a-8_usa ,▃Fw 190 A-8 
ki_43_2_late ,▃Ki-43-II 
ki_61_1a_otsu_usa ,▃Ki-61-Ib 
spitfire_ix_usa ,▃Spitfire LF Mk IXc 
p-36c_rb ,○P-36C 
a_10a_early ,A-10A 
a_10a_late ,A-10A Late 
douglas_a_1h ,A-1H 
a-20g ,A-20G-25 
a-26b_10 ,A-26B-10 
a-26b ,A-26B-50 
a-26c ,A-26C-45 
a-26c-45-dt ,A-26C-45DT 
p-51_a-36 ,A-36 
a_4b ,A-4B 
a_4e_early ,A-4E Early 
a_6e_tram ,A-6E TRAM 
a_7d ,A-7D 
a_7e ,A-7E 
a_7k ,A-7K 
a2d ,A2D-1 
douglas_ad_2 ,AD-2 
douglas_ad_4 ,AD-4 
am_1_mauler ,AM-1 
f4u-6_au-1 ,AU-1 
av_8a ,AV-8A 
av_8c ,AV-8C 
b_10b ,B-10B 
b-17e ,B-17E 
b-17e_late ,B-17E/L 
b-17g ,B-17G-60-VE 
b_18a ,B-18A 
b_24d ,B-24D-25-CO 
b_25j_1 ,B-25J-1 
b_25j_20 ,B-25J-20 
b_26b_c ,B-26B 
b-29 ,B-29A-BN 
b_34 ,B-34 
b-57 ,B-57A 
b-57b ,B-57B 
bf2c_1 ,BF2C-1 
p-38j_marge ,Bong's P-38J-15 
btd-1 ,BTD-1 
f-100d ,F-100D 
f-104a ,F-104A 
f-104c ,F-104C 
f-105d ,F-105D 
f_111a ,F-111A 
f_14a_early ,F-14A Early 
f_14b ,F-14B 
f_15a ,F-15A 
f_16a_block_10 ,F-16A 
f_16a_block_15_adf ,F-16A ADF 
f_16c_block_50 ,F-16C 
f_20a ,F-20A 
f-4c ,F-4C Phantom II 
f-4e ,F-4E Phantom II 
f-4j ,F-4J Phantom II 
f-4s ,F-4S Phantom II 
f-5a ,F-5A 
f-5c ,F-5C 
f-5e ,F-5E 
f-80a ,F-80A-5 
f-80 ,F-80C-10 
f-82e ,F-82E 
f-84b ,F-84B-26 
f-84f ,F-84F 
f-84g ,F-84G-21-RE 
f-86a-5 ,F-86A-5 
f-86f-2 ,F-86F-2 
f-86f-25 ,F-86F-25 
f-86f-35 ,F-86F-35 
f-89b ,F-89B 
f-89d ,F-89D 
f-8e ,F-8E 
f11f_1_late ,F11F-1 
f2a-1 ,F2A-1 
f2a-3 ,F2A-3 
f2g-1 ,F2G-1 
f2h-2 ,F2H-2 
f3d_1 ,F3D-1 
f3f-2 ,F3F-2 
f3h-2 ,F3H-2 
f4d_1 ,F4D-1 
f4f-3 ,F4F-3 
f4f-4 ,F4F-4 
f4u-1a ,F4U-1A 
f4u-1a_usmc ,F4U-1A (USMC) 
f4u-1c ,F4U-1C 
f4u-1d ,F4U-1D 
f4u-4 ,F4U-4 
f4u-4b ,F4U-4B 
f4u-4b_vmf_214 ,F4U-4B VMF-214 
f6f-3 ,F6F-5 
f6f-5n ,F6F-5N 
f7f1 ,F7F-1 
f7f3 ,F7F-3 
f8f1 ,F8F-1 
f8f1b ,F8F-1B 
f8u-2 ,F8U-2 
f9f-2 ,F9F-2 
f9f-5 ,F9F-5 
f9f-8 ,F9F-8 
fj_4b ,FJ-4B 
fj_4b_agm_12b ,FJ-4B VMF-232 
f3f-2_galer ,Galer's F3F-2 
o3u_1 ,O3U-1 
os2u_1 ,OS2U-1 
os2u_1_naval ,OS2U-1 
os2u_3 ,OS2U-3 
p-26a_33 ,P-26A-33 
p-26a_34 ,P-26A-34 
p-26a_34_m2 ,P-26A-34 M2 
p-26b_35 ,P-26B-35 
p-36a ,P-36A 
p-36c ,P-36C 
p-36g ,P-36G 
p-38e ,P-38E 
p-38g ,P-38G-1 
p-38j ,P-38J-15 
p-38k ,P-38K 
p-38l ,P-38L-5-LO 
p-39n ,P-39N-0 
p-39q_5 ,P-39Q-5 
p-400 ,P-400 
p-40c ,P-40C 
p-40e ,P-40E-1 
p-40e_td ,P-40E-1 TD 
p-40f_10 ,P-40F-10 
p-43a-1 ,P-43A-1 
p-47d_22_re ,P-47D-22-RE 
p-47d ,P-47D-25 
p-47d-28 ,P-47D-28 
p-47m-1-re ,P-47M-1-RE 
p-47n-15 ,P-47N-15 
p-51_mk1a_usaaf ,P-51 
p-51a_tl ,P-51A 
p-51c-10-nt ,P-51C-10 
p-51d-10 ,P-51D-10 
p-51d-20-na ,P-51D-20-NA 
p-51d-30_usaaf_korea ,P-51D-30 
p-51d-5 ,P-51D-5 
p-51h-5_na ,P-51H-5-NA 
p-59a ,P-59A 
p-61a_1 ,P-61A-11 
p-61c_1 ,P-61C-1 
p-63a-10 ,P-63A-10 
p-63a-5 ,P-63A-5 
p-63c-5 ,P-63C-5 
pb4y-2 ,PB4Y-2 
pbj_1h ,PBJ-1H 
pbj_1j ,PBJ-1J 
pbm_1 ,"PBM-1 ""Mariner"" "
pbm_3 ,"PBM-3 ""Mariner"" "
pby-5 ,PBY-5 Catalina 
pby-5a ,PBY-5A Catalina 
pv_2d ,PV-2D 
p-36a_rasmussen ,Rasmussen's P-36A 
sb2c_1c ,SB2C-1C 
sb2c_4 ,SB2C-4 
sb2u-2 ,SB2U-2 
sb2u-3 ,SB2U-3 
sbd-3 ,SBD-3 
soc_1 ,SOC-1 
tbd-1_1938 ,TBD-1 
tbf-1c ,TBF-1C 
f2a-1_thach ,Thach's F2A-1 
xa_38 ,XA-38 
xf5f ,XF5F 
p-38g_metal ,XP-38G 
xp-50 ,XP-50 
xp-55 ,XP-55 
yp-38 ,YP-38
mc200_serie3 ,▀C. 200 serie 3 
mc200_serie7 ,▀C. 200 serie 7 
mc-202 ,▀C. 202 
fiat_cr42 ,▀CR.42 
fiat_g50_seria7as ,▀G.50 AS serie 7 
fiat_g50_seria2 ,▀G.50 serie 2 
h-75a-2_finland ,▀Hawk H-75A-2 
il_2_1942_luftwaffe ,▀IL-2 (1942) 
la-5fn_luftwaffe ,▀La-5FN 
fiat_cr42_marcolin ,▀Marcolin's C.R.42 CN 
p-47d_luftwaffe ,▀P-47D 
p-47d_16_re_germany ,▀P-47D-16-RE 
sm_79_1941 ,▀S.M.79 AS 
sm_79_iar ,▀S.M.79 B 
sm_79_1942 ,▀S.M.79 bis/N 
sm_79_1943 ,▀S.M.79 bis/T.M 
sm_79_1936 ,▀S.M.79 serie 1 
sm_79_1937 ,▀S.M.79 serie 4 
sm_79_1939 ,▀S.M.79 serie 8 
tempest_mkv_luftwaffe ,▀Tempest Mk V 
wellington_mk1c_luftwaffe ,▀Wellington Mk Ic 
yak-1b_luftwaffe ,▀Yak-1B 
f-86_canadair_german ,◄CL-13A Mk 5 
f-86_cl_13b_mk6 ,◄CL-13B Mk.6 
f-104g ,◄F-104G 
f-4f_late ,◄F-4F 
f-4f ,◄F-4F Early 
f-84f_germany ,◄F-84F 
f-86k_late_german ,◄F-86K 
fiat_g91_r3 ,◄G.91 R/3 
fiat_g91_r4_german ,◄G.91 R/4 
mig-21_sps_k ,◄MiG-21 SPS-K 
mig_29_9_12g ,◄MiG-29G 
sea_hawk_mk100 ,◄Sea Hawk Mk.100 
tornado_ids_de_assta1 ,◄Tornado IDS ASSTA1 
tornado_ids_de_mfg ,◄Tornado IDS MFG 
tornado_ids_de_wtd61 ,◄Tornado IDS WTD61 
il_28_german ,◊IL-28 
mig-17p_lim_5p ,◊Lim-5P 
mig-15bis_nr23_german ,◊MiG-15bis 
mig-19s ,◊MiG-19S 
mig-21_bis_lazur ,"◊MiG-21 ""Lazur-M"" "
mig-21_bis_sau ,◊MiG-21bis-SAU 
mig-21_mf ,◊MiG-21MF 
mig_23bn ,◊MiG-23BN 
mig_23mf_germany ,◊MiG-23MF 
mig_23mla ,◊MiG-23MLA 
mig_29_9_12_germany ,◊MiG-29 
su_22m4 ,◊Su-22M4 
su_22um3k ,◊Su-22UM3K 
hunter_f58_switzerland ,◌Hunter F.58 
alpha_jet_a ,Alpha Jet A 
arado-196a-3 ,Ar 196 A-3 
arado-234 ,Ar 234 B-2 
arado-234c-3 ,Ar 234 C-3 
bf-109b_2 ,Bf 109 B-1 
bf-109c_1 ,Bf 109 C-1 
bf-109e-1 ,Bf 109 E-1 
bf-109e-3 ,Bf 109 E-3 
bf-109e-4 ,Bf 109 E-4 
bf-109e-7 ,Bf 109 E-7/U2 
bf-109f-1 ,Bf 109 F-1 
bf-109f-2 ,Bf 109 F-2 
bf-109f-4 ,Bf 109 F-4 
bf-109f-4_trop ,Bf 109 F-4/trop 
bf-109g-10 ,Bf 109 G-10 
bf-109g-14 ,Bf 109 G-14 
bf-109g-2_romania ,Bf 109 G-2 
bf-109g-2 ,Bf 109 G-2/trop 
bf-109g-6 ,Bf 109 G-6 
bf-109k-4 ,Bf 109 K-4 
bf-109z ,Bf 109 Z-1 
bf-110c-6 ,Bf 110 C-6 
bf-110c-4 ,Bf 110 C-7 
bf-110f-2 ,Bf 110 F-2 
bf-110g-2 ,Bf 110 G-2 
bf_110g_4 ,Bf 110 G-4 
bv-138c-1 ,BV 138 C-1 
bv-155b-1 ,BV 155 B-1 
bv-238 ,BV 238 
do_17e_1 ,Do 17 E-1 
do_17z_2 ,Do 17 Z-2 
do_17z_7 ,Do 17 Z-7 
do_217e_2 ,Do 217 E-2 
do_217e_4 ,Do 217 E-4 
do_217j_1 ,Do 217 J-1 
do_217j_2 ,Do 217 J-2 
do_217k_1 ,Do 217 K-1 
do_217m_1 ,Do 217 M-1 
do_217n_1 ,Do 217 N-1 
do_217n_2 ,Do 217 N-2 
do_335a_0 ,Do 335 A-0 
do_335a_1 ,Do 335 A-1 
do_335b_2 ,Do 335 B-2 
bf-109a_1 ,Flegel's Bf 109 A 
fw-189a-1 ,Fw 189 A-1 
fw-190a-1 ,Fw 190 A-1 
fw-190a-4 ,Fw 190 A-4 
fw-190a-5_cannons ,Fw 190 A-5 
fw-190a-5 ,Fw 190 A-5 
fw_190a_5_u14 ,Fw 190 A-5/U14 
fw-190a-5_u2 ,Fw 190 A-5/U2 
fw-190a-8 ,Fw 190 A-8 
fw-190c ,Fw 190 C 
fw-190d-12 ,Fw 190 D-12 
fw-190d-13 ,Fw 190 D-13 
fw-190d-9 ,Fw 190 D-9 
fw-190f-8 ,Fw 190 F-8 
fw_200c_1 ,Fw 200 C-1 
he_100d_1 ,He 100 D-1 
he-111h-16_winter ,He 111 H-16 
he-111h-2 ,He 111 H-3 
he-111h-6 ,He 111 H-6 
he_112a_0 ,He 112 A-0 
he_112b_0 ,He 112 B-0 
he_112b_1 ,He 112 B-1/U2 
he_112b_2 ,He 112 B-2/U2 
he_112v_5 ,He 112 V-5 
he_115c_1 ,He 115 C-1 
he-162a-1 ,He 162 A-1 
he-162a-2 ,He 162 A-2 
he-177a-5 ,He 177 A-5 
he_219a_7 ,He 219 A-7 
he51a1 ,He 51 A-1 
he51b1 ,He 51 B-1 
he51b_2w ,He 51 B-2/H 
he51c1 ,He 51 C-1 
he51c1_late ,He 51 C-1/L 
go229_v3 ,Ho 229 V3 
hs-123a-1 ,Hs 123 A-1 
hs-129b-2 ,Hs 129 B-2 
hs-129b-2_romania ,Hs 129 B-2 (Romania) 
hs-129b-3 ,Hs 129 B-3 
ju-188a-2 ,Ju 188 A-2 
ju-288c ,Ju 288 C 
ju-388j ,Ju 388 J 
ju-87b-2 ,Ju 87 B-2 
ju-87d-3 ,Ju 87 D-3 
ju-87d-5 ,Ju 87 D-5 
ju-87g_1 ,Ju 87 G-1 
ju-87g_2 ,Ju 87 G-2 
ju-87r-2 ,Ju 87 R-2 
ju-87r-2_snake ,Ju 87 R-2 Libya 
ju-88a-1 ,Ju 88 A-1 
ju-88a-4 ,Ju 88 A-4 
ju-88c-6 ,Ju 88 C-6 
me-163b ,Me 163 B 
me-163b-0 ,Me 163 B-0 
me-262a-1a_u4 ,Me 262 A-1/U4 
me-262a-1a ,Me 262 A-1a 
me-262a-1a_early ,Me 262 A-1a/Jabo 
me-262a1_u1 ,Me 262 A-1a/U1 
me-262a-2a ,Me 262 A-2a 
me-262c-1a ,Me 262 C-1a 
me-262c-2b ,Me 262 C-2b 
me_264 ,Me 264 
me-410a-1 ,Me 410 A-1 
me-410a-1_u2 ,Me 410 A-1/U2 
me-410a-1_u4 ,Me 410 A-1/U4 
me-410b-1 ,Me 410 B-1 
me-410b-1_u2 ,Me 410 B-1/U2 
me-410b-2_u4 ,Me 410 B-2/U4 
me-410b-6_r3 ,Me 410 B-6/R3 
ta-152c ,Ta 152 C-3 
ta-152h-1 ,Ta 152 H-1 
ta_154a_1 ,Ta 154 A-1
b_25j_30 ,[[|]] 
ar_2 ,Ar-2 
bb-1 ,BB-1 
be_6 ,Be-6 
bi ,BI 
db_3b ,DB-3B 
la-7_dolgushin ,Dolgushin's La-7 
yak-9m ,Golovachev's Yak-9M 
i-15_1935_moscow ,I-15 M-25 
i-153p ,I-153P 
i-153_m62 ,I-153 M-62 
i-15bis ,I-15bis 
i-15_1935 ,I-15 M-22 
i-15_1934 ,I-15 WR 
i-16_type10 ,I-16 type 10 
i-16_type18 ,I-16 type 18 
i-16_type24 ,I-16 type 24 
i-16_type27 ,I-16 type 27 
i-16_type28 ,I-16 type 28 
i-16_type5 ,I-16 type 5 
i_180 ,I-180S 
i_185_m71_standard ,I-185 (M-71) 
i_185_m82 ,I-185 (M-82) 
i_225 ,I-225 
i_29 ,I-29 
lagg-i-301 ,I-301 
il-10 ,IL-10 
il-10_1946 ,IL-10 (1946) 
il_2_1941 ,IL-2 (1941) 
il-2i ,IL-2 (1942) 
il_2_m82 ,IL-2 M-82 
il_2_37_1943 ,IL-2-37 
il_28 ,IL-28 
il_28sh ,IL-28Sh 
il-2m_mstitel ,"IL-2M ""Avenger"" "
il_2m_1943 ,IL-2M (1943) 
il-2m ,IL-2M type 3 
il-4 ,IL-4 
il_8_1944 ,IL-8 (1944) 
itp_m1 ,ITP (M-1) 
kor_1 ,KOR-1 
i-15bis_krasnolutsky ,Krasnolutsky's I-15bis 
la-11 ,La-11 
la-15 ,La-15 
la_174 ,La-174 
la_200_toriy ,La-200 
la-5_type37_early ,La-5 
la-5_type39 ,La-5F 
la-5fn ,La-5FN 
la-7 ,La-7 
la-7b-20 ,La-7B-20 
la-9 ,La-9 
lagg-3-11 ,LaGG-3-11 
lagg-3-23 ,LaGG-3-23 
lagg-3-34 ,LaGG-3-34 
lagg-3-35 ,LaGG-3-35 
lagg-3-4 ,LaGG-3-4 
lagg-3-66 ,LaGG-3-66 
lagg-3-8 ,LaGG-3-8 
mbr-2 ,MBR-2-M-34 
mig-15_ns23 ,MiG-15 
mig-15 ,MiG-15bis 
mig-15bis_ish ,MiG-15bis ISh 
mig-17 ,MiG-17 
mig-17_cuba ,MiG-17AS 
mig-19pt ,MiG-19PT 
mig-21_bis ,MiG-21bis 
mig-21_f13 ,MiG-21F-13 
mig-21_pfm ,MiG-21PFM 
mig-21_s ,MiG-21S (R-13-300) 
mig-21_smt ,MiG-21SMT 
mig_23m ,MiG-23M 
mig_23ml ,MiG-23ML 
mig_23mld ,MiG-23MLD 
mig_27k ,MiG-27K 
mig_27m ,MiG-27M 
mig_29_9_13 ,MiG-29 
mig_29smt_9_19 ,MiG-29SMT 
mig_3_series_1_15 ,MiG-3-15 
mig_3_series_1_15_bk_pod ,MiG-3-15 (BK) 
mig_3_series_34 ,MiG-3-34 
mig-9 ,MiG-9 
mig-9_ussr ,MiG-9 (l) 
pe-2-1 ,Pe-2-1 
pe-2-110 ,Pe-2-110 
pe-2-205 ,Pe-2-205 
pe-2-31 ,Pe-2-31 
pe-2-359 ,Pe-2-359 
pe-2-83 ,Pe-2-83 
pe-3 ,Pe-3 
pe-3_early ,Pe-3 (e) 
pe-3_bis ,Pe-3bis 
pe-8_m82 ,Pe-8 
po-2 ,Po-2 
po-2_nw ,Po-2 Night Witch 
po-2m ,Po-2M 
sb_2m_100 ,SB 2M-100 
sb_2m_103c ,SB 2M-103 
sb_2m_103u ,SB 2M-103U 
sb_2m_103u_mv3 ,SB 2M-103U MV-3 
sb_2m_103_mv3 ,SB 2M-103 MV-3 
sb_2m_105 ,SB 2M-105 
su-11 ,Su-11 
su_17m2 ,Su-17M2 
su_17m4 ,Su-17M4 
su_22m3 ,Su-22M3 
su_25 ,Su-25 
su_25_558arz ,Su-25BM 
su_25k ,Su-25K 
su_25sm3 ,Su-25SM3 
su_25t ,Su-25T 
su_27 ,Su-27 
su-2_m82 ,Su-2 (M-82) 
su-2_mv5 ,Su-2 MV-5 
su-2_tss1 ,Su-2 TSS-1 
su_25tm ,Su-39 
su_6_single ,Su-6 
su-6_am42 ,Su-6 (AM-42) 
su-6_m71 ,Su-6 (M-71F) 
su-7b ,Su-7B 
su-7bkl ,Su-7BKL 
su-7bmk ,Su-7BMK 
su-8 ,Su-8 
su-9 ,Su-9 
tandem_mai ,Tandem MAI 
tb_3_m17_32 ,TB-3M-17-32 
tis_ma ,TIS MA 
tu-1 ,Tu-1 
tu_14t ,Tu-14T 
tu-2_early ,Tu-2 
tu-2 ,Tu-2S 
tu-2_postwar ,Tu-2S-44 
tu-2_postwar_late ,Tu-2S-59 
tu_4 ,Tu-4 
yak-1_early ,Yak-1 
yak_141 ,Yak-141 
yak-15 ,Yak-15 
yak-15_early ,Yak-15P 
yak-17 ,Yak-17 
yak-1b ,Yak-1B 
yak_2_kabb ,Yak-2 KABB 
yak-23 ,Yak-23 
yak-28b ,Yak-28B 
yak-3 ,Yak-3 
yak-3_vk107 ,Yak-3 (VK-107) 
yak-30d ,Yak-30D 
yak-38 ,Yak-38 
yak-38m ,Yak-38M 
yak-3p ,Yak-3P 
yak-3t ,Yak-3T 
yak-3u ,Yak-3U 
yak-4 ,Yak-4 
yak-7b ,Yak-7B 
yak-9 ,Yak-9 
yak-9b ,Yak-9B 
yak-9k ,Yak-9K 
yak-9p ,Yak-9P 
yak-9t ,Yak-9T 
yak-9u ,Yak-9U 
yak-9ut ,Yak-9UT 
er-2_ach30b_early ,Yer-2 (ACh-30B) (e) 
er-2_ach30b_late ,Yer-2 (ACh-30B) (l) 
er-2_m105_mv3 ,Yer-2 (M-105) 
er-2_m105_tat ,Yer-2 (M-105) TAT 
er-2_m105r_lu2b ,Yer-2 (M-105R) LU 
er-2_m105r_tat ,Yer-2 (M-105R) TAT 
i-153_m62_zhukovskiy ,Zhukovsky's I-153-M62 
a_20g_30_ussr ,▂A-20G-30 
b_25j_30_vvs_ussr ,▂B-25J-30 
fw-190d-9_ussr ,▂Fw 190 D-9 
hp52_hampden_tbmk1_ussr_utk1 ,▂Hampden TB Mk I 
hurricanemkii_ussr ,▂Hurricane Mk IIB 
p-39k_1 ,▂P-39K-1 
p-39q_15 ,▂P-39Q-15 
p-40e_ussr ,▂P-40E-1 
p-47d_ussr ,▂P-47D-27 
p-63a-10_ussr ,▂P-63A-10 
p-63a-5_ussr ,▂P-63A-5 
p-63c-5_ussr ,▂P-63C-5 
pby-5a_ussr ,▂PBY-5A Catalina 
p-39n_su ,▂Pokryshkin's P-39N-0 
spitfire_ix_ussr ,▂Spitfire Mk IX
avenger_mk1 ,▄Avenger Mk II 
boomerang_mki ,▄Boomerang Mk I 
boomerang_mkii ,▄Boomerang Mk II 
boston_mk_1 ,▄Boston Mk I 
pby-5a_raf ,▄Catalina Mk IIIa 
corsair_fmk2 ,▄Corsair F Mk II 
d_520 ,▄D.520 
d_521 ,▄D.521 
db_7 ,▄DB-7 
intruder_mk_1 ,▄Havoc Mk I 
hellcat_fmk1 ,▄Hellcat Mk II 
hudson_mk_v ,▄Hudson Mk V 
f4f-4_martlet_mk4 ,▄Martlet Mk IV 
p-51b ,▄Mustang Mk IA 
thunderbolt_mk1 ,▄Thunderbolt Mk.1 
wirraway ,▄Wirraway 
attaker_fb1 ,Attacker FB 1 
attaker_fb2 ,Attacker FB.2 
beaufighter_mk21 ,Beaufighter Mk 21 
beaufighter_mk1_40mm ,Beaufighter Mk I (40-mm) 
beaufighter_mk6c ,Beaufighter Mk VIc 
beaufighter_mkx ,Beaufighter Mk X 
beaufort_mkviii ,Beaufort Mk VIII 
blenheim_mkiv ,Blenheim Mk IV 
brigand_b1 ,Brigand B 1 
buccaneer_s1 ,Buccaneer S.1 
buccaneer_s2 ,Buccaneer S.2 
buccaneer_s2b ,Buccaneer S.2B 
canberra_bimk6 ,Canberra B (I) Mk 6 
canberra_bmk2 ,Canberra B Mk 2 
f-4jk ,F-4J(UK) Phantom II 
fairey_3f_mk3b ,Fairey IIIF Mk.IIIB 
firebrand_tf4 ,Firebrand TF Mk IV 
b_48_firecrest ,Firecrest 
firefly_mk1 ,Firefly F Mk I 
firefly_mk5 ,Firefly FR Mk V 
fury_mk1 ,Fury Mk I 
fury_mk2 ,Fury Mk II 
gladiator_mk2 ,Gladiator Mk II 
gladiator_mk2_france ,Gladiator Mk IIF 
gladiator_mk2_silver ,Gladiator Mk IIS 
halifax_mk3 ,Halifax B Mk IIIa 
hp52_hampden_mk1_late ,Hampden Mk I 
hp52_hampden_tbmk1 ,Hampden TB Mk I 
harrier_gr1 ,Harrier GR.1 
harrier_gr3 ,Harrier GR.3 
harrier_gr7 ,Harrier GR.7 
hornet_mk1 ,Hornet Mk.I 
hornet_mk3 ,Hornet Mk.III 
hunter_f1 ,Hunter F.1 
hunter_f6 ,Hunter F.6 
hunter_f9_rhodesia ,Hunter FGA.9 
hurricane_mk1 ,Hurricane Mk I/L 
hurricanemkii ,Hurricane Mk IIB/Trop 
hurricane_mk4 ,Hurricane Mk IV 
hurricane_mk1_late_ep ,Hurricane Mk.I/L FAA M 
jaguar_gr1 ,Jaguar GR.1 
jaguar_gr1a ,Jaguar GR.1A 
jaguar_is ,Jaguar IS 
saab_jas39c_south_africa ,▄JAS39C 
javelin_fmk9 ,Javelin F.(A.W.) Mk.9 
lancaster_mk1 ,Lancaster B Mk I 
lancaster_mk3 ,Lancaster B Mk III 
lightning_f53 ,Lightning F.53 
lightning_f6 ,Lightning F.6 
lincoln_b2 ,Lincoln B Mk II 
mb_5 ,MB.5 
meteor_fmk3 ,Meteor F Mk 3 
meteor_fmk4_lw ,Meteor F Mk 4 G.41F 
meteor_fmk4_sw ,Meteor F Mk 4 G.41G 
meteor_fmk8 ,Meteor F Mk.8 G.41K 
meteor_fmk8_reaper ,Meteor F Mk.8 Reaper 
mosquito_fb_mk6 ,Mosquito FB Mk VI 
mosquito_fb_mk18 ,Mosquito FB Mk XVIII 
nimrod_mk1 ,Nimrod Mk I 
nimrod_mk2 ,Nimrod Mk II 
osprey_mk4 ,Osprey Mk IV 
f-4k ,Phantom FG.1 
f-4m_fgr2 ,Phantom FGR.2 
spitfire_ix_plagis ,Plagis' Spitfire LF Mk IXc 
spitfire_fr_mk14e ,Prendergast's Spitfire FR Mk XIVe 
scimitar_f1 ,Scimitar F Mk.1 
sea_fury_fb11 ,Sea Fury FB 11 
gladiator_mk2_navy ,Sea Gladiator Mk I 
harrier_frs1 ,Sea Harrier FRS.1 
harrier_frs1_early ,Sea Harrier FRS.1 (e) 
sea_hawk_fga6 ,Sea Hawk FGA.6 
hurricane_mk1b ,Sea Hurricane Mk IB 
hurricane_mk1c ,Sea Hurricane Mk IC 
meteor_fmk3_navy ,Sea Meteor F Mk 3 
sea_venom_faw20 ,Sea Venom FAW 20 
dh_110_sea_vixen ,Sea Vixen F.A.W. Mk.2 
seafire_mk17 ,Seafire F Mk XVII 
seafire_fr47 ,Seafire FR 47 
seafire_mk3 ,Seafire LF Mk.III 
shackleton_mr_mk_2 ,Shackleton MR.Mk.2 
spitfire_f22 ,Spitfire F Mk 22 
spitfire_f24 ,Spitfire F Mk 24 
spitfire_ix_early ,Spitfire F Mk IX 
spitfire_mk9c_4cannons ,Spitfire F Mk IXc 
spitfire_mk14c ,Spitfire F Mk XIVc 
spitfire_mk14e ,Spitfire F Mk XIVe 
spitfire_xvi ,Spitfire F Mk XVI 
spitfire_mk18e ,Spitfire F Mk XVIIIe 
spitfire_ix ,Spitfire LF Mk IX 
spitfire_mk1 ,Spitfire Mk Ia 
spitfiremkiia ,Spitfire Mk IIa 
spitfiremkii ,Spitfire Mk IIb 
spitfire_mk5b_notrop ,Spitfire Mk Vb 
spitfire_mk5b ,Spitfire Mk Vb/trop 
spitfire_mk5c_notrop ,Spitfire Mk Vc 
spitfire_mk5c ,Spitfire Mk Vc/trop 
spitfiremkiia_ep ,Spitfire Mk.IIa Venture I 
stirling_mk1 ,Stirling B Mk I 
stirling_mk3 ,Stirling B Mk III 
strikemaster_mk88 ,Strikemaster Mk.88 
sunderland_mk3a ,Sunderland Mk IIIa 
sunderland_mk5 ,Sunderland Mk V 
swift_f1 ,Swift F.1 
swift_f7 ,Swift F.7 
swordfish_mk1 ,Swordfish Mk I 
swordfish_mk2 ,Swordfish Mk II 
tempest_mk2 ,Tempest Mk II 
tempest_mkv ,Tempest Mk V 
tempest_mkv_vikkers ,Tempest Mk V (Vickers P) 
tornado_f3 ,Tornado F.3 
tornado_gr1 ,Tornado GR.1 
gladiator_mk2_tuck ,Tuck's Gladiator Mk II 
typhoon_mk1a ,Typhoon Mk Ia 
typhoon_mk1b ,Typhoon Mk Ib 
typhoon_mk1b_late ,Typhoon Mk Ib/L 
v_156_b1 ,V-156-B1 
vampire_fb5 ,Vampire F.B.5 
venom_fb4 ,Venom FB.4 
walrus_mk1 ,Walrus Mk.I 
wellington_mk1c ,Wellington Mk Ic 
wellington_mk1c_late ,Wellington Mk Ic/L 
wellington_mk3 ,Wellington Mk III 
wellington_mk10 ,Wellington Mk X 
whirlwind_mk1 ,Whirlwind Mk I 
whirlwind_p9 ,Whirlwind P.9 
wyvern_s4 ,Wyvern S4
f-5e_fcu_thailand ,▄F-5E FCU 
b-17e_japan ,▅B-17E 
bf-109e-3_japan ,▅Bf 109 E-7 
f4u-1a_japan ,▅F4U-1A 
fw-190a-5_japan ,▅Fw 190 A-5 
p-51c-11-nt_japan ,▅P-51C-11-NT 
a5m4 ,A5M4 
a6m2_zero ,A6M2 
a6m2_mod11 ,A6M2 mod. 11 
a6m2_n_zero ,A6M2-N 
a6m3_zero ,A6M3 
a6m3_mod22_zero ,A6M3 mod. 22 
a6m3_mod22ko_zero ,A6M3 mod. 22Ko 
a6m5_zero ,A6M5 
a6m5hei ,A6M5 Hei 
a6m5ko ,A6M5 Ko 
a6m5otsu ,A6M5 otsu 
a6m6c ,A6M6c 
a7he1 ,A7He1 
a7m1 ,A7M1 (NK9H) 
a7m2 ,A7M2 
aichi_e13a ,Aichi E13A1 
b5n2 ,B5N2 
b6n1 ,B6N1 Model 11 
b6n2 ,B6N2 Model 12 
b6n2a ,B6N2a Model 12Ko 
b7a2 ,B7A2 
b7a2_homare_23 ,B7A2 (Homare 23) 
d3a1 ,D3A1 
d4y1 ,D4Y1 
d4y2 ,D4Y2 
d4y3 ,D4Y3 Ko 
e7k2 ,E7K2 
e8n2 ,E8N2 
f1 ,F-1 
f-104j ,F-104J 
f_15j ,F-15J 
f_16aj ,F-16AJ 
f-4ej_adtw ,F-4EJ ADTW 
f-4ej_kai ,F-4EJ Kai Phantom II 
f-4ej ,F-4EJ Phantom II 
f-86f-30_japan ,F-86F-30 ▅ 
f-86f-40_japan ,F-86F-40 ▅ 
f-86f-40_japan_blue_impulse ,F-86F-40 JASDF▅ 
f1m2 ,F1M2 
g4m1 ,G4M1 
g5n1 ,G5N1 
g8n1 ,G8N1 
h6k4 ,H6K4 
h8k2 ,H8K2 
h8k3 ,H8K3 
a5m4_hagiri ,Hagiri's A5M4 
j1n1_mod11_early ,J1N1 
j2m2 ,J2M2 
j2m3 ,J2M3 
j2m4_kai ,J2M4 Kai 
j2m5 ,J2M5 
j2m5_30mm ,J2M5 
j5n1 ,J5N1 
j6k1 ,J6K1 
j7w1 ,J7W1 
ki_10_1 ,Ki-10-I 
ki_10_1_commander ,Ki-10-I C 
ki_10_2 ,Ki-10-II 
ki_10_2_commander ,Ki-10-II C 
ki_100_early ,Ki-100 
ki_100_2 ,Ki-100-II 
ki_102_otsu ,Ki-102 otsu 
ki_108 ,Ki-108 Kai 
ki_109 ,Ki-109 
j8m1 ,Ki-200 
ki_21_1hei ,Ki-21-I hei 
ki_21_1ko ,Ki-21-Ia 
ki-27_otsu ,Ki-27 otsu 
ki-27_otsu_ep ,Ki-27 otsu Tachiarai 
ki_32 ,Ki-32 
ki_43_1 ,Ki-43-I 
ki_43_2 ,Ki-43-II 
ki_43_3_otsu ,Ki-43-III otsu 
ki_44_1 ,Ki-44-I 
ki_44_1_ep ,Ki-44-I 34 
ki_44_2_hei ,Ki-44-II hei 
ki_44_2_otsu ,Ki-44-II otsu 
ki-45_hei ,Ki-45 hei 
ki-45_ko ,Ki-45 ko 
ki-45_otsu ,Ki-45 otsu 
ki-45_tei ,Ki-45 tei 
ki_48_2_otsu ,Ki-48-II otsu 
ki-49_1 ,Ki-49-I 
ki-49_2a ,Ki-49-IIa 
ki-49_2b ,Ki-49-IIb 
ki-49_2b_late ,Ki-49-IIb/L 
ki_61_1a_hei ,Ki-61-I hei 
ki_61_1a_ko ,Ki-61-I ko 
ki_61_1a_otsu ,Ki-61-I otsu 
ki_61_1a_tei ,Ki-61-I tei 
ki_61_2_early ,Ki-61-II Otsu Kai 
ki_67_1_ko ,Ki-67-I Ko 
ki_67_1_otsu ,Ki-67-I otsu 
ki-83 ,Ki-83 
ki_84_hei ,Ki-84 hei 
ki_84_ko ,Ki-84 ko 
ki_84_otsu ,Ki-84 otsu 
ki_87 ,Ki-87 
ki_94_2 ,Ki-94-II 
ki-96 ,Ki-96 
kitsuka ,Kikka 
n1k1_kyuofu ,N1K1 
n1k1_ja ,N1K1-Ja 
n1k2_j ,N1K2-J 
n1k2_jko ,N1K2-Ja 
p1y1_mod11 ,P1Y1 mod. 11 
r2y2_v1 ,R2Y2 Kai V1 
r2y2_v2 ,R2Y2 Kai V2 
r2y2_kai ,R2Y2 Kai V3 
t2 ,T-2 
t2_early ,T-2 Early 
ki_61_1a_hei_ep ,Tada's Ki-61-I hei
a6m2_zero_china ,␗A6M2 
a6m5_zero_china ,␗A6M5 
b_25j_30_china ,␗B-25J-30 
db_3a_china ,␗DB-3A 
f-100a_china ,␗F-100A 
f_100f_china ,␗F-100F 
f-104a_china ,␗F-104A 
f-104g_china ,␗F-104G 
f_16a_block_20_mlu ,␗F-16A MLU 
f-5a_china ,␗F-5A 
f-5e_aidc ,␗F-5E 
f-84g_china ,␗F-84G-21-RE 
f-84g-31-re_china ,␗F-84G-31-RE 
f-86f-30_china ,␗F-86F-30 
f-86f-40_china ,␗F-86F-40 
gladiator_mk1_china ,␗Gladiator Mk I 
hs-123a-1_china ,␗Hs 123 A-1 
i-153_m62_china ,␗I-153 M-62 
i-15bis_china ,␗I-15bis 
i-16_chung_28 ,␗I-16 Chung 28 
i-16_type10_china ,␗I-16 type 10 
i-16_type17_china ,␗I-16 type 17 
i-16_type5_1935_china ,␗I-16 type 5 
il-10_1946_china ,␗IL-10 (1946) 
ki-27_otsu_china ,␗Ki-27 otsu 
ki_43_3_ko ,␗Ki-43-III ko 
ki_44_2_hei_china ,␗Ki-44-II hei 
ki-45_hei_tei_china ,␗Ki-45 hei/tei 
ki_61_1a_otsu_china ,␗Ki-61-I otsu 
ki_84_ko_china ,␗Ki-84 ko 
la-11_china ,␗La-11 
la-9_china ,␗La-9 
mig-9_china ,␗MiG-9 
mig-9_late_china ,␗MiG-9 (l) 
p-38l_1_china_rocaf ,␗P-38L-1 
p-40e_china ,␗P-40E-1 
p-43a-1_china ,␗P-43A-1 
p-47d_23_ra_china_rocaf ,␗P-47D-23-RA 
p-47d_30_china ,␗P-47D-30 
p-51d-20_china ,␗P-51D-20 
p-51k ,␗P-51K 
p1y1_mod11_china ,␗P1Y1 mod. 11 
pb4y-2_china ,␗PB4Y-2 
sb_2m_103u_china ,␗SB 2M-103U 
tu-2_postwar_china ,␗Tu-2S-44 
tu_4_china ,␗Tu-4 
a_29_hudson ,A-29 
a_5c ,A-5C 
cw_21 ,CW-21 
d_510c ,D.510C 
il_28_china ,H-5 
p-40c_china ,H-81A-2 
hawk_iii ,Hawk III 
j_11 ,J-11 
mig-15bis_nr23_china ,J-2 
mig-17_china ,J-4 
mig-19j_6a ,J-6A 
j_7d ,J-7D 
j_7e ,J-7E 
j_7_mk2 ,J-7II 
j_8b ,J-8B 
j_8f ,J-8F 
jh_7a ,JH-7A 
martin_139wc ,Martin 139WC 
mosquito_fb_mk26_china ,Mosquito FB.Mk.26 
p-66 ,P-66 
pe-2-359_china ,Pe-2-359 
q_5_early ,Q-5 early 
q_5a ,Q-5A 
q_5l ,Q-5L 
mig-17_f5 ,Shenyang F-5 
v_11g ,V-11 
v_12d ,V-12D
av_8b_plus_italy ,▄AV-8B Plus 
bf-109g-14as ,▄Bf 109 G-14/AS 
f-104g_italy ,▄F-104G 
f-104s_cb ,▄F-104S TAF 
f_16a_block_15_adf_italy ,▄F-16A ADF 
f-84f_italy ,▄F-84F 
f-84g_italy ,▄F-84G-21-RE 
f-86k_late_italy ,▄F-86K 
ju-87d-3_italy ,▄Ju 87 D-3 
ju-87r-2_italy ,▄Ju 87 R-2 
p-47d_30_italy ,▄P-47D-30 
spitfire_mk5b_italy ,▄Spitfire Mk Vb/trop 
tornado_ids_it_mod95 ,▄Tornado IDS (1995) 
bf-109f-4_hungary ,◐Bf 109 F-4 
bf-109g-2_hungary ,◐Bf 109 G-2 
bf_110g_4_hungary ,◐Bf 110 G-4 
il-10_1946_hungary ,◔IL-10 
il_28_hungary ,◔IL-28 
saab_jas39c_hungary ,◔JAS39EBS HU C 
mig-15bis_nr23_hungary ,◔MiG-15bis 
mig-17pf_hungary ,◔MiG-17PF 
mig-21_bis_sau_hungary ,◔MiG-21bis-SAU 
mig-21_mf_hungary ,◔MiG-21MF 
mig_23mf_hungary ,◔MiG-23MF 
mig_29_9_12b_hungary ,◔MiG-29 
su_22m3_hungary ,◔Su-22M3 
tu-2_postwar_late_hungary ,◔Tu-2S-59 
yak-9p_hungary ,◔Yak-9P 
amx ,AMX 
ariete ,Ariete 
br_20_dr ,B.R.20DR 
br_20m_m1 ,B.R.20M M1 
ba_65_k14_l ,Ba.65 (K.14) L 
breda_88 ,Breda 88 (P.XI) 
mc200_serie3_italy ,C. 200 serie 3 
mc200_serie7_italy ,C. 200 serie 7 
mc-202_italy ,C. 202 
mc-202_d ,C. 202D 
mc-202_ec ,C. 202EC 
mc-205_serie1 ,C. 205 serie 1 
mc-205_serie3 ,C. 205 serie 3 
mc-205_n2 ,C. 205N2 
f-86_cl_13_mk4_italy ,CL-13 Mk.4 
cr_32 ,CR.32 
cr_32_bis ,CR.32 bis 
cr_32_quater ,CR.32 quater 
fiat_cr42_italy ,CR.42 
f-104s ,F-104S 
f-104s_asa ,F-104S.ASA 
fc_20_bis ,F.C.20 Bis 
fiat_g50_seria7as_italy ,G.50 AS serie 7 
fiat_g50_seria2_italy ,G.50 serie 2 
g_55_serie1 ,G.55 serie 1 
g_55_serie1_ss0 ,G.55 sottoserie 0 
g_55s ,G.55S 
g_56 ,G.56 
fiat_g91_ps ,G.91 pre-serie 
fiat_g91_r1 ,G.91 R/1 
fiat_g91_r4 ,G.91 R/4 
fiat_g91_y ,G.91 Y 
fiat_g91_ys ,G.91 YS 
he_112b_1_italy ,He 112 B-1/U2 
hs-129b-2_romania_italy ,Hs 129 B-2 (Romania) 
iar_81c ,IAR-81C 
fiat_cr42_marcolin_italy ,Marcolin's C.R.42 CN 
p_108a_serie2 ,P.108A serie 2 
p_108b_serie1 ,P.108B serie 1 
p_108b_serie2 ,P.108B serie 2 
re_2000_ga ,Re.2000 G.A. 
re_2000_ga_ep ,Re.2000 G.A. Red 5 
re_2000_int ,Re.2000 serie 1 
re_2001_cb ,Re.2001 CB 
re_2001_cn ,Re.2001 CN 
re_2001_serie1_ep ,Re.2001 gruppo 22 
re_2001_serie1 ,Re.2001 serie 1 
re_2002_early ,Re.2002 Early 
re_2005_serie0 ,Re.2005 serie 0 
ro_43 ,Ro.43 
ro_44 ,Ro.44 
ro_57_quadriarma ,Ro.57 Quadriarma 
s_81_ar125 ,S.81 
sm_79_1941_italy ,S.M.79 AS 
sm_79_iar_italy ,S.M.79 B 
sm_79_1943_italy ,S.M.79 bis/T.M 
sm_79_1936_italy ,S.M.79 serie 1 
sm_79_1939_italy ,S.M.79 serie 8 
sagittario_2 ,Sagittario 2 
sm_91 ,SM.91 
sm_92 ,SM.92 
tornado_adv ,Tornado ADV 
vampire_fb52a_italy ,Vampire FB 52A 
z_1007_bis_serie3 ,Z.1007 bis serie 3 
z_1007_bis_serie5 ,Z.1007 bis serie 5
md_460_yt_cup_2019 ,␙Super Mystere B2 
a-35b ,▄A-35B 
douglas_ad_4_france ,▄AD-4 
douglas_ad_4na_france ,▄AD-4NA 
f-100d_france ,▄F-100D 
f-84f_france ,▄F-84F 
f-84g_france ,▄F-84G-26-RE 
f-86k_late ,▄F-86K 
f-8e_fn ,▄F-8E(FN) 
f6f-5_france ,▄F6F-5 
f6f-5n_france ,▄F6F-5N 
f8f1b_france ,▄F8F-1B 
p-39q_25_france ,▄P-39Q-25 
p-40f-5_france_ep ,▄P-40F-5 Lafayette 
p-47d_22_re_france ,▄P-47D-22-RE 
p-63c-5_france ,▄P-63C-5 
pb4y-2_france ,▄PB4Y-2 
pby-5a_late_france ,▄PBY-5A Late 
sb2c_5_france ,▄SB2C-5 
seafire_mk3_france ,▄Seafire LF Mk.III 
yak-3_france ,▄Yak-3 
alpha_jet_e ,Alpha Jet E 
b_26c_france ,B-26C 
br_693_ab2 ,Br.693AB2 
caudron_cr714 ,C.R.714 
yak-9t_france ,Challe's ▄Yak-9T 
d_371 ,D.371 
d_371_hs9 ,D.371 H.S.9 
d_373 ,D.373 
d_500 ,D.500 
d_501 ,D.501 
d_520_france ,D.520 
etndard_4m ,Etendard IVM 
p-51c-10_france ,F-6C-10-NA 
f-84f_iaf ,F-84F IAF 
f_222_2 ,F.222.2 
f4u-7 ,F4U-7 
gl_832 ,GL.832HY 
h-75a-1_france ,H-75A-1 
h-75a-4_france ,H-75A-4 
jaguar_a ,Jaguar A 
jaguar_e ,Jaguar E 
lancaster_mr7_france ,Lancaster MR.7 
late_298d ,Late 298D 
leo_451_early ,LeO 451 early 
leo_451_late ,LeO 451 late 
loire_130 ,Loire 130C 
mb_152c1 ,M.B.152C1 
mb_157 ,M.B.157 
mb_162 ,M.B.162 
mb_174_a3 ,M.B.174A-3 
mb_175t ,M.B.175T 
md_450b_barougan ,M.D.450B Barougan 
md_450b_ouragan ,M.D.450B Ouragan 
md_452_mystere_2a ,M.D.452 IIA 
md_452_mystere_2c_preproduction ,M.D.452 IIC 
ms_405c1 ,M.S.405C1 
ms_406c1 ,M.S.406C1 
ms_410c1 ,M.S.410 
maryland_mk1_france ,Martin 167-A3 
mirage_milan ,Milan 
mirage_2000_5f ,Mirage 2000-5F 
mirage_2000c_s4 ,Mirage 2000C-S4 
mirage_2000c_s5 ,Mirage 2000C-S5 
mirage_2000d_r1 ,Mirage 2000D-R1 
mirage_4000 ,Mirage 4000 
mirage_5f ,Mirage 5F 
mirage_f1c ,Mirage F1C 
mirage_f1c_200 ,Mirage F1C-200 
mirage_f1ct ,Mirage F1CT 
mirage_3c ,Mirage IIIC 
mirage_3e ,Mirage IIIE 
md_454_mystere_4a ,Mystere IVA 
nc_223_3 ,N.C.223.3 
fw-190a-8_france ,NC.900 
d_510 ,Pallier's D.510 
potez_630 ,Potez 630 
potez_631 ,Potez 631 
potez_633 ,Potez 633 
so_4050_vautour_2a ,S.O.4050 Vautour IIA 
so_4050_vautour_2b ,S.O.4050 Vautour IIB 
so_4050_vautour_2n ,S.O.4050 Vautour IIN 
so_4050_vautour_2n_late ,S.O.4050 Vautour IIN (late) 
so_8000_narval ,S.O.8000 Narval 
super_etendard_97 ,Super Etendard 
md_460 ,Super Mystere B2 
v_156_f ,V-156-F 
vg_33 ,V.G.33C-1 
so_4050_vautour_2a_iaf ,Vautour IIA IDF/AF 
vb_10_02 ,VB.10-02 
vb_10c1 ,VB.10C-1
arado-196a-5 ,▄Ar 196 A-5 
b_239_finland ,▄B-239 
bf-109g-2_finland ,▄Bf 109 G-2 
bf-109g-6_finland ,▄Bf 109 G-6 
bf-109g-6_erla_finland ,▄Bf 109 G-6 Erla 
fokker_d21_mod20 ,▄Fokker D.XXI 
fokker_d21_serie3_finland ,▄Fokker D.XXI-3 
hurricane_mk1_late_finland ,▄Hurricane Mk I/L 
ju-88a-4_finland ,▄Ju 88 A-4 
mig_21_bis_finland ,▄MiG-21bis 
vampire_fb52_finland ,▄Vampire FB 52A 
saab_a21a_3 ,A21A-3 
saab_a21rb ,A21RB 
vampire_fb5_j28b ,A28B 
saab_j29b ,A29B 
saab_a32a ,A32A 
saab_a32a_red_adam ,A32A Röd Adam 
saab_aj37 ,AJ37 
saab_ajs37 ,AJS37 
saab_b17a ,B17A 
saab_b17b ,B17B 
saab_b18a ,B18A 
saab_b18b ,B18B 
saab_b3c ,B3C 
gladiator_j8a_iacobi ,Iacobi's J8A 
fiat_cr42_j11 ,J11 
re_2000_j20 ,J20 
saab_j21a_1 ,J21A-1 
saab_j21a_2 ,J21A-2 
saab_j21ra ,J21RA 
ffvs_j22_a ,J22-A 
ffvs_j22_b ,J22-B 
p-51d-20-na_j26 ,J26 
p-51b_7_sweden ,J26 David 
saab_j29a ,J29A 
saab_j29d ,J29D 
saab_j29f ,J29F 
saab_j32b ,J32B 
hunter_f50_sweden ,J34 
saab_j35a ,J35A 
saab_j35d ,J35D 
j6b ,J6B 
gladiator_j8a ,J8A 
j9_early ,J9 Early 
saab_ja37 ,JA37C 
saab_ja37d ,JA37D 
saab_jas39a ,JAS39A 
morko_morane ,Mörkö-Morane 
saab_b17bs ,S17BS 
saab_j35xs ,Saab J35XS 
saab_105g ,SAAB-105G 
saab_105oe ,SAAB-105OE 
saab_sk60b ,SK60B 
he_115a_2_sweden ,T 2 
saab_t18b_1 ,T18B 
saab_t18b_2 ,T18B (57) 
vl_myrsky_2_late ,VL Myrsky II 
pyorremyrsky ,VL Pyörremyrsky
a_4n ,Ayit 
f_16d_block_40_barak_2 ,F-16D Barak II 
f_15a_iaf ,Baz 
kfir_c2 ,Kfir C.2 
kfir_c7 ,Kfir C.7 
kfir_canard ,Kfir Canard 
f-4e_iaf ,Kurnass 
f-4e_kurnass_2000 ,Kurnass 2000 
nesher ,Nesher 
f_16a_block_10_iaf ,Netz 
md_460_saar ,Sa'ar 
s_199 ,Sakeen 
md_460_sambad ,Sambad 
mirage_3cj ,Shahak 
a_4e_late_iaf ,A-4E 
a_4e_early_iaf ,A-4E Early (M) 
a_4h ,A-4H 
b-17g_iaf ,B-17G 
f-84f_israel_iaf ,F-84F 
md_450b_ouragan_iaf ,M.D.450B Ouragan 
meteor_fmk8_iaf ,Meteor F.8 
meteor_nfmk13 ,Meteor NF.13 
md_454_mystere_4a_iaf ,Mystere IVA 
p-51d-20-na_iaf ,P-51D-20-NA 
spitfire_lf_mk9e_weisman ,Weizman's Spitfire LF Mk.IXe 
spitfire_mk9c_iaf ,Spitfire Mk IXc 
spitfire_lf_mk9e_iaf ,Spitfire Mk.IX (CW) 
so_4050_vautour_2a_israel_iaf ,Vautour IIA 
so_4050_vautour_2n_iaf ,Vautour IIN
f_16d_block_40_barak_2_missile_test ,Barak II 
c-47 ,C-47 
f_16c_block_50_missile_test ,F-16C 
fw-190a-5_cannons_tutorial ,Fw 190 A-5 
j_8f_missile_test ,J-8F 
saab_jas39c_south_africa_missile_test ,JAS39C 
ju-52 ,Ju 52 
ki_48_2_otsu_event ,Ki-48-II otsu 
li-2 ,Li-2 
mig-15bis_ns23 ,MiG-15bis NS-23 
mig_29smt_9_19_missile_test ,MiG-29SMT 
mirage_2000_5f_missile_test ,Mirage 2000-5F 
po_2op_event ,Po-2 Overpowered 
spitfire_ix_tutorial ,Spitfire LF Mk IX 
md_460_usa ,Super Mystere B2 
uav_quadcopter ,UAV Raven's Eye 
fau-1 ,V-1 
ah_64a_peten ,▃AH-64A Peten 
ah_1f ,AH-1F 
ah_1g ,AH-1G 
ah_1w ,AH-1W 
ah_1z ,AH-1Z 
ah_64a ,AH-64A 
ah_64a_greece_usa ,AH-64A (GR) 
ah_64d ,AH-64D 
ah_6m ,AH-6M 
h_34 ,H-34 
mh_60l_dap ,MH-60L DAP 
oh_58d ,OH-58D 
uh_1b ,UH-1B 
uh_1c ,UH-1C 
uh_1c_xm_30 ,UH-1C XM-30 
yah_64 ,YAH-64
mi_24p_german_hfs80 ,◄Mi-24P HFS 80 
sa_313b ,◄SA 313B Alouette II 
uh_1d ,◄UH-1D 
mi_24p_german ,◊Mi-24P 
mi_8tb ,◊Mi-8TB 
bo_105cb2 ,BO 105 CB-2 
bo_105pah1 ,BO 105 PAH-1 
bo_105pah1_a1 ,BO 105 PAH-1A1 
tiger_uht ,EC-665 Tiger UHT
mi_24d ,▂Mi-24D 
ka_29 ,Ka-29 
ka_50 ,Ka-50 
ka_52 ,Ka-52 
mi_24a ,Mi-24A 
mi_24p ,Mi-24P 
mi_24v ,Mi-24V 
mi_28n ,Mi-28N 
mi_28nm ,Mi-28NM 
mi_35m ,Mi-35M 
mi_4av ,Mi-4AV 
mi_8amtsh ,Mi-8AMTSh 
mi_8tv ,Mi-8TV
ah_mk1 ,AH Mk.1 Apache 
g_lynx ,G-LYNX 
lynx_ah_mk1 ,Lynx AH.Mk.1 
ah_2_rooivalk ,Rooivalk Mk1F CSH 
scout_ah_mk1 ,Scout AH.Mk.1 
wasp_has_mk1 ,Wasp HAS.Mk.1 
wessex_mk5 ,Wessex HU Mk.5
ah_1s_early ,▅AH-1E 
uh_1b_japan ,▅UH-1B 
ah_1s_late ,AH-1S 
ah_1s ,AH-1S Kisarazu 
ah_64d_japan ,AH-64DJP
ah_1w_china ,␗AH-1W 
oh_58d_china ,␗OH-58D 
sa_342l_china ,SA.342L Gazelle 
z_10 ,Z-10 
z_11wa ,Z-11WA 
z_19 ,Z-19 
z_19e ,Z-19E 
z_9w ,Z-9W 
z_9wa ,Z-9WA
mi_24d_hungary ,◔Mi-24D 
mi_24p_hungary ,◔Mi-24P 
mi_24v_hungary ,◔Mi-24V 
a_129_a ,A-129 International (p) 
a_109_eoa2 ,A.109EOA-2 
a_129_cbt ,A129CBT 
ab_205a_1 ,AB 205 A-1 
a_129_d ,AH-129D 
t_129_atak ,T129
h_34_france ,▄H-34 
tiger_had_france ,EC-665 Tiger HAD 
tiger_hap_france ,EC-665 Tiger HAP 
iar_316b ,IAR 316B 
sa_313b_france ,SA 313B Alouette II 
sa_316b ,SA 316B Alouette III 
sa_341f ,SA.341F Gazelle 
sa_342m ,SA.342M Gazelle 
tiger_had_block2_france ,Tiger HAD Block 2
ahs ,AHS 
hkp2 ,HKP2 
hkp3c ,HKP3C 
hkp9a_cb2 ,HKP9A 
hkp9a_cb3_fc ,HKP9A (FC) 
mi_28a_sweden ,Mi-28A
md_500_tow_late ,Lahatut 
ah_64a_iaf ,Peten 
ah_64d_i_saraph ,Saraph 
ah_1g_iaf ,Tzefa A 
ah_1q_iaf ,Tzefa B 
ah_1f_iaf ,Tzefa D/E 
ah_60_iaf ,AH-60 
ah_64a_peten_iaf ,AH-64A Peten
us_m1a1_abrams_yt_cup_2019 ,␙M1A1 
us_mk1_grant ,▃Grant I 
us_lvt_4_zis_2 ,▃LVT(A)(4) (ZIS-2) 
us_magach_3 ,▃Magach 3 (ERA) 
us_merkava_mk_1 ,▃Merkava Mk.1 
us_merkava_mk_2b_late ,▃Merkava Mk.2B 
us_merkava_mk_3d ,▃Merkava Mk.3D 
us_m5a1_stuart_canadian_5st_arm ,▃Stuart VI (5th CAD) 
us_lvt_a_1_trb ,○LVT(A)(1) 
us_m60_120s ,120S 
us_adats_bradley ,ADATS 
us_ags_teledyne ,AGS 
us_m4_sherman_calliope ,Calliope 
us_ccvl ,CCVL 
us_m4a3e2_sherman_jumbo_cobra_king ,Cobra King 
us_hstv_l ,HSTV-L 
us_mim_72_chaparral ,Imp.Chaparral 
us_m1_ip_abrams ,IPM1 
us_lav_ad ,LAV-AD 
us_losat_ccv ,LOSAT 
us_lvt_a_1 ,LVT(A)(1) 
us_lvt_a_4 ,LVT(A)(4) 
us_m1_abrams ,M1 Abrams 
us_m1_abrams_kvt ,M1 KVT 
us_m10 ,M10 GMC 
us_m103 ,M103 
us_m109a1 ,M109A1 
us_m1128_mgs ,M1128 
us_m1128_wolfpack ,M1128 Wolfpack 
us_halftrack_m13 ,M13 MGMC 
us_halftrack_m15 ,M15 CGMC 
us_halftrack_m16 ,M16 MGMC 
us_m163_vulcan ,M163 
us_m18_hellcat_black_cat ,"M18 ""Black Cat"" "
us_m18_hellcat ,M18 GMC 
us_m19 ,M19A1 
us_m1a1_abrams ,M1A1 
us_m1a1_aim_abrams ,M1A1 AIM 
us_m1a1_hc_usmc ,M1A1 Click-Bait 
us_m1a1_hc_abrams ,M1A1 HC 
us_m1a2_abrams ,M1A2 Abrams 
us_m1a2_sep_abrams ,M1A2 SEP 
us_m1a2_sep2_abrams ,M1A2 SEP V2 
us_m2_medium ,M2 
us_m22_locust ,M22 
us_m24_chaffee ,M24 
us_m24_chaffee_tl ,M24 (TL) 
us_m247 ,M247 
us_m26_pershing ,M26 
us_m26_t99 ,M26 T99 
us_m26e1_pershing ,M26E1 
us_m2a2 ,M2A2 
us_m2a4 ,M2A4 
us_m2a4_1st_armor_div ,M2A4 (1st Arm.Div.) 
us_m3_bradley ,M3 Bradley 
us_halftrack_m3_75mm_gmc ,M3 GMC 
us_m3_lee ,M3 Lee 
us_m3_stuart ,M3 Stuart 
us_m36 ,M36 GMC 
us_m36b2 ,M36B2 
us_m3a1_stuart_usmc ,M3A1 (USMC) 
us_m3a1_stuart ,M3A1 Stuart 
us_m3a3_bradley ,M3A3 Bradley 
us_m4_sherman ,M4 
us_m4_sherman_promo ,M4 
us_m4_t26 ,M4/T26 
us_m41_walker_bulldog ,M41A1 
us_m42_duster ,M42 
us_m46_patton ,M46 
us_m46_patton_73_armor_bat ,"M46 ""Tiger"" "
us_m47_patton_II ,M47 
us_m48a1_patton_III ,M48A1 
us_m4a1_1942_sherman ,M4A1 
us_m4a1_76w_sherman ,M4A1 (76) W 
us_m4a2_sherman ,M4A2 
us_m4a2_76w_sherman ,M4A2 (76) W 
us_m4a3_105_sherman ,M4A3 (105) 
us_m4a3e8_76w_sherman ,M4A3 (76) W 
us_m4a3e2_sherman_jumbo ,M4A3E2 
us_m4a3e2_76w_sherman_jumbo ,M4A3E2 (76) W 
us_m4a5_ram_2 ,M4A5 
us_m50_ontos ,M50 
us_m551 ,M551 
us_m551_76 ,M551(76) 
us_m56_scorpion ,M56 
us_m5a1_stuart ,M5A1 
us_m5a1_stuart_td ,M5A1 TD 
us_m60 ,M60 
us_m60a3_slep ,M60 AMBT 
us_m60a1 ,M60A1 (AOS) 
us_m60a1_rise_passive_era ,M60A1 RISE (P) 
us_m60a2 ,M60A2 
us_m60a3_tts ,M60A3 TTS 
us_m6a1 ,M6A1 
us_m6a2e1 ,M6A2E1 
us_m728 ,M728 CEV 
us_m8_scott ,M8 HMC 
us_m8_greyhound ,M8 LAC 
us_m8a1 ,M8A1 GMC 
us_m901_itv ,M901 
us_mbt_70 ,MBT-70 
us_m18_hellcat_black_cat_race ,"""Racing"" M18 "
us_m18_super_hellcat ,Super Hellcat 
us_t114 ,T114 
us_t14 ,T14 
us_t18_e2 ,T18E2 
us_t1e1 ,T1E1 
us_t20 ,T20 
us_t25 ,T25 
us_t26e4_superpershing ,T26E1-1 
us_t26e5 ,T26E5 
us_t28 ,T28 
us_t29 ,T29 
us_t30 ,T30 
us_t32 ,T32 
us_t32e1 ,T32E1 
us_t34 ,T34 
us_t54e1 ,T54E1 
us_t54e2 ,T54E2 
us_t55e1 ,T55E1 
us_t92 ,T92 
us_t95 ,T95 
us_t95e1 ,T95E1 
us_xm1_chrysler ,XM1 (Chrysler) 
us_xm1_gm ,XM1 (GM) 
us_xm_8 ,XM8 
us_xm_803 ,XM803 
us_xm_975_roland ,XM975
germ_leopard_2a5_yt_cup_2019 ,␙Leopard 2A5 
germ_pzkpfw_VI_ausf_h1_tiger_animal_version ,␠Tiger 
germ_kv_1B_finland ,▀KV-IB 
germ_kv_1_kwk_40 ,▀KW I C 756 (r) 
germ_kv_2_754r ,▀KW II 754 (r) 
us_m4a2_1944_germ ,▀M4 748 (a) 
germ_infanterie_kampfpanzer_churchill ,▀Pz.Kpfw. Churchill 
germ_t_34_747 ,▀T 34 747 (r) 
germ_kpz_t72m1 ,◊T-72M1 
germ_panzerwerfer_42 ,15 cm Pz.W.42 
germ_sturmpanzer_II ,15cm sIG 33 B Sfl 
germ_sturmmorser_sturmtiger ,38 cm Sturmmörser 
germ_sdkfz_9_flak37 ,"8,8 cm Flak 37 Sfl. "
germ_begleitpanzer_57 ,Begleitpanzer 57 
germ_panzerbefelhswagen_jagdpanther ,Bfw. Jagdpanther G1 
germ_sturmpanzer_IV_brummbar ,Brummbar 
germ_leopard_c2_mexas ,C2A1 
germ_th_800_bismark ,Class 3 (P) 
germ_marder_df_105 ,DF105 
germ_pzsfl_IVa_dickermax ,Dicker Max 
germ_pzkpfw_e_100 ,E-100 
germ_panzerjager_tiger_P_elefant ,Elefant 
germ_pzkpfw_V_ersatz_m10 ,Ersatz M10 
germ_panzerjager_tiger_P_ferdinand ,Ferdinand 
germ_flakpanzer_V_Coelian ,Flakpanzer 341 
germ_flakpanzer_38t_Gepard ,Flakpanzer 38 
germ_flakpanzer_I_ausf_A ,Flakpanzer I 
germ_flarakpz_1 ,FlaRakPz 1 
germ_flarakrad ,FlaRakRad 
germ_flakpz_I_Gepard ,Gepard 
germ_flakpz_1a2_Gepard ,Gepard 1A2 
germ_panzerjager_panther ,Jagdpanther G1 
germ_jgdpz_38t ,Jagdpanzer 38(t) 
germ_jgdpz_IV_L48 ,Jagdpanzer IV 
germ_panzerjager_tiger ,Jagdtiger 
germ_sk105_a2 ,JaPz.K A2 
germ_kanonenjagdpanzer ,JPz 4-5 
germ_kpz_70 ,KPz-70 
germ_flakpanzer_IV_Kugelblitz ,Kugelblitz 
germ_le_kpz_m41 ,leKPz M41 
germ_leopard_1a5 ,Leopard 1A5 
germ_leopard_2a4_pzbtl_123 ,Leopard 2 (PzBtl 123) 
germ_leopard_2pl ,Leopard 2 PL 
germ_leopard_2a5_pso ,Leopard 2 PSO 
germ_leopard_2a4 ,Leopard 2A4 
germ_leopard_2a5 ,Leopard 2A5 
germ_leopard_2a6 ,Leopard 2A6 
germ_leopard_2a7v ,Leopard 2A7V 
germ_leopard_2av ,Leopard 2AV 
germ_leopard_2k ,Leopard 2K 
germ_leopard_I_a1 ,Leopard A1A1 
germ_leopard_a1a1_120 ,Leopard A1A1 (L/44) 
germ_leopard_I ,Leopard I 
germ_m109g ,M109G 
germ_mkpz_super_m48 ,M48 Super 
germ_mkpz_m48a2c ,M48A2 C 
germ_mkpz_m48a2ga2 ,M48A2 G A2 
germ_marder_1a3 ,Marder 1A3 
germ_marder_1a1 ,Marder A1- 
germ_pzkpfw_38t_Marder_III ,Marder III 
germ_pzkpfw_38t_Marder_III_ausf_H ,Marder III H 
germ_pzkpfw_Maus ,Maus 
germ_mkpz_m47 ,mKPz M47 G 
germ_panzerjager_nashorn ,Nashorn 
germ_nbfz_VI ,Nb.Fz. 
germ_flakpanzer_IV_Ostwind ,Ostwind 
germ_flakpanzer_IV_Ostwind_2 ,Ostwind II 
germ_wiesel_2_adwc ,Ozelot 
germ_pzkpfw_V_ausf_a_panther ,Panther A 
germ_pzkpfw_V_ausf_d_panther ,Panther D 
germ_pzkpfw_V_ausf_f_panther ,Panther F 
germ_pzkpfw_V_ausf_g_panther ,Panther G 
germ_panther_II ,Panther II 
germ_pz_IV_L70_A ,Panzer IV/70(A) 
germ_pz_IV_L70 ,Panzer IV/70(V) 
germ_panzerjager_1 ,Panzerjager I 
germ_leopard_2_pt14 ,PT-16/T14 mod. 
germ_schutzenpanzer_puma ,PUMA 
germ_pzkpfw_35t ,Pz.35(t) 
germ_pzkpfw_35t_romania_mare ,Pz.35(t) RM 
germ_pzkpfw_38t_ausf_A ,Pz.38(t) A 
germ_pzkpfw_38t_ausf_F ,Pz.38(t) F 
germ_pzkpfw_38t_na ,Pz.38(t) n.A. 
germ_panzerbefelhswagen_IV_ausf_J ,Pz.Bef.Wg.IV J 
germ_panzerbefelhswagen_VI_P ,Pz.Bef.Wg.VI P 
germ_pzkpfw_II_ausf_C ,Pz.II C 
germ_pzkpfw_II_ausf_C_DAK ,Pz.II C (DAK) 
germ_pzkpfw_II_ausf_C_td ,Pz.II C TD 
germ_pzkpfw_II_ausf_F ,Pz.II F 
germ_pzkpfw_III_ausf_B ,Pz.III B 
germ_pzkpfw_III_ausf_E ,Pz.III E 
germ_pzkpfw_III_ausf_F ,Pz.III F 
germ_pzkpfw_III_ausf_J_L42 ,Pz.III J 
germ_pzkpfw_III_ausf_J ,Pz.III J1 
germ_pzkpfw_III_ausf_J_td ,Pz.III J1 TD 
germ_pzkpfw_III_ausf_L ,Pz.III L 
germ_pzkpfw_III_ausf_M ,Pz.III M 
germ_pzkpfw_III_ausf_N ,Pz.III N 
germ_pzkpfw_IV_ausf_C ,Pz.IV C 
germ_pzkpfw_IV_ausf_E ,Pz.IV E 
germ_pzkpfw_IV_ausf_F ,Pz.IV F1 
germ_pzkpfw_IV_ausf_F2 ,Pz.IV F2 
germ_pzkpfw_IV_ausf_G ,Pz.IV G 
germ_pzkpfw_IV_ausf_H ,Pz.IV H 
germ_pzkpfw_IV_ausf_J ,Pz.IV J 
germ_pzkpfw_II_ausf_H ,Pz.Sfl.Ic 
germ_amd_35_kwk ,Pz.Sp.Wg.P204(f) KwK 
germ_radpanzer_90 ,Radkampfwagen 90 
germ_spz_oerlikon_raketenautomat ,Raketenautomat 
germ_raketenjagdpanzer_2 ,RakJPz 2 
germ_raketenjagdpanzer_2_hot ,RakJPz 2 (HOT) 
germ_ru251 ,Ru 251 
germ_pzkpfw_38t_Aufklarungspanzer ,Sd.Kfz. 140/1 
germ_sdkfz_6_2_flak36 ,Sd.Kfz. 6/2 
germ_sdkfz_221_s_pz_b_41 ,Sd.Kfz.221 (s.Pz.B.41) 
germ_sdkfz_222 ,Sd.Kfz.222 
germ_sdkfz_234_1 ,Sd.Kfz.234/1 
germ_sdkfz_234_2 ,Sd.Kfz.234/2 
germ_sdkfz_234_2_td ,Sd.Kfz.234/2 TD 
germ_sdkfz_234_3 ,Sd.Kfz.234/3 
germ_sdkfz_234_4 ,Sd.Kfz.234/4 
germ_sdkfz_251_10 ,Sd.Kfz.251/10 
germ_sdkfz_251_21 ,Sd.Kfz.251/21 
germ_sdkfz_251_22 ,Sd.Kfz.251/22 
germ_sdkfz_251_9 ,Sd.Kfz.251/9 
germ_spz_12_3 ,SPz 12-3 LGS 
germ_bmp_1_ddr ,SPz BMP-1 
germ_stug_III_ausf_A ,StuG III A 
germ_stug_III_ausf_F ,StuG III F 
germ_stug_III_ausf_G ,StuG III G 
germ_stuh_III_ausf_G ,StuH 42 G 
germ_pzsflk40_sturer_emil ,Sturer Emil 
germ_thyssen_henschel_tam ,TAM 
germ_thyssen_henschel_tam_2c ,TAM 2C 
germ_thyssen_henschel_tam_2ip ,TAM 2IP 
germ_pzkpfw_VI_ausf_e_tiger ,Tiger E 
germ_pzkpfw_VI_ausf_h1_tiger ,Tiger H1 
germ_pzkpfw_VI_ausf_b_tiger_IIh_kwk46 ,Tiger II (10.5 cm Kw.K) 
germ_pzkpfw_VI_ausf_b_tiger_IIh ,Tiger II (H) 
germ_pzkpfw_VI_ausf_b_tiger_IIh_sla ,Tiger II (H) Sla.16 
germ_pzkpfw_VI_ausf_b_tiger_IIp ,Tiger II (P) 
germ_erprobungstrager_3_achs_turm ,Turm III 
germ_vsw_flak_41 ,VFW 
germ_vilkas ,Vilkas 
germ_vk_3002m ,VK 3002 (M) 
germ_pzkpfw_VI_tiger_P ,VK 45.01 (P) 
germ_vt_1_2 ,VT1-2 
germ_waffentrager_krupp_steyr ,Waffentrager 
germ_wiesel_1_tow ,Wiesel 1A2 
germ_wiesel_1_mk20 ,Wiesel 1A4 
germ_flakpanzer_IV_Wirbelwind ,Wirbelwind 
germ_flakpanzer_zerstorer_45 ,Zerstörer 45
ussr_t_80u_yt_cup_2019 ,␙T-80U 
ussr_m3c ,▂M3 Medium 
ussr_m4a2_76w_sherman ,▂M4A2 
ussr_a_12_mk_2_matilda_2A_F96 ,"▂MK-II ""Matilda"" "
ussr_type_65_aa ,▂Phong khong T-34 
ussr_pzkpfw_III_ausf_J_L42 ,▂T-III 
ussr_pzkpfw_V ,▂T-V 
ussr_type_62 ,▂Type 62 
ussr_valentine_mk_9 ,"▂MK-IX ""Valentine"" "
ussr_2s1 ,2S1 
ussr_2s25 ,2S25 
ussr_2s25m ,2S25M 
ussr_2s38 ,2S38 
ussr_2s3m ,2S3M 
ussr_zprk_2s6 ,2S6 
ussr_asu_57 ,ASU-57 
ussr_asu_85 ,ASU-85 
ussr_ba_11 ,BA-11 
ussr_bm_13n ,BM-13N 
ussr_bm_31_12 ,BM-31-12 
ussr_bm_8_24 ,BM-8-24 
ussr_bmd_4 ,BMD-4 
ussr_bmp_1 ,BMP-1 
ussr_bmp_2 ,BMP-2 
ussr_bmp_2m ,BMP-2M 
ussr_bmp_3 ,BMP-3 
ussr_bt_5 ,BT-5 
ussr_bt_7_1937 ,BT-7 
ussr_bt_7_1937_td ,BT-7 TD 
ussr_bt_7a_f32 ,BT-7A (F-32) 
ussr_bt_7_m ,BT-7M 
ussr_btr_152a ,BTR-152A 
ussr_btr_152d ,BTR-152D 
ussr_btr_80a ,BTR-80A 
ussr_btr_zd ,BTR-ZD 
ussr_gaz_4m ,GAZ-AAA (4M) 
ussr_gaz_dshk ,GAZ-AAA (DShK) 
ussr_gaz_mm_72k ,GAZ-MM (72-K) 
ussr_is_1 ,IS-1 
ussr_is_2_1943 ,IS-2 
ussr_is_2_1944 ,IS-2 (1944) 
ussr_is_2_1944_321 ,IS-2 No.321 
ussr_is_2_1944_revenge ,"IS-2 ""Revenge"" "
ussr_is_3 ,IS-3 
ussr_is_4m ,IS-4M 
ussr_is_6 ,IS-6 
ussr_is_7 ,IS-7 
ussr_isu_122 ,ISU-122 
ussr_isu_122s ,ISU-122S 
ussr_isu_152 ,ISU-152 
ussr_it_1 ,IT-1 
ussr_9p157 ,Khrizantema-S 
ussr_kv_1_L_11 ,KV-1 (L-11) 
ussr_kv_1_zis_5 ,KV-1 (ZiS-5) 
ussr_kv_122 ,KV-122 
ussr_kv_1e ,KV-1E 
ussr_kv_1s ,KV-1S 
ussr_kv_2_1939 ,KV-2 (1939) 
ussr_kv_2_1940 ,KV-2 (1940) 
ussr_kv_2_zis_6 ,KV-2 (ZiS-6) 
ussr_kv_220 ,KV-220 
ussr_kv_85 ,KV-85 
ussr_m53_59 ,M53/59 
ussr_object_120 ,Object 120 
ussr_object_248 ,Object 248 
ussr_object_268 ,Object 268 
ussr_object_279 ,Object 279 
ussr_object_292 ,Object 292 
ussr_object_435 ,Object 435 
ussr_object_685 ,Object 685 
ussr_object_775 ,Object 775 
ussr_object_906 ,Object 906 
ussr_pantsyr_s1 ,Pantsir-S1 
ussr_pt_76_57 ,PT-76-57 
ussr_pt_76b ,PT-76B 
ussr_rbt_5 ,RBT-5 
ussr_9p149 ,Shturm-S 
ussr_smk ,SMK 
ussr_9a35_m2 ,Strela-10M2 
ussr_su_100_1945 ,SU-100 
ussr_su_100p ,SU-100P 
ussr_su_100Y ,SU-100Y 
ussr_su_122 ,SU-122 
ussr_su_122_54 ,SU-122-54 
ussr_su_122P ,SU-122P 
ussr_su_152 ,SU-152 
ussr_su_5_1 ,SU-5-1 
ussr_su_57 ,SU-57 
ussr_su_57b ,SU-57B 
ussr_su_76d ,SU-76D 
ussr_su_76m_1943 ,SU-76M 
ussr_su_76m_5st_kav_corps ,SU-76M (5th Gv.Kav.Corps) 
ussr_su_85_1943 ,SU-85 
ussr_su_85a ,SU-85A 
ussr_su_85m ,SU-85M 
ussr_t_10a ,T-10A 
ussr_t_10m ,T-10M 
ussr_t_126sp ,T-126 
ussr_t_26_1940 ,T-26 
ussr_t_26_1940_1st_GvTBr ,T-26 (1st Gv.T.Br.) 
ussr_t_26_4 ,T-26-4 
ussr_t_26E ,T-26E 
ussr_t_28 ,T-28 
ussr_t_28_1938 ,T-28 (1938) 
ussr_t_28E ,T-28E 
ussr_t_34_1941_l_11 ,T-34 (1940) 
ussr_t_34_1941 ,T-34 (1941) 
ussr_t_34_1942 ,T-34 (1942) 
ussr_t_34_1941_cast_turret ,T-34 (1st Gv.T.Br.) 
ussr_t_34_1940_l_11 ,T-34 (Prototype) 
ussr_t_34_100 ,T-34-100 
ussr_t_34_1941_57 ,T-34-57 
ussr_t_34_57_1943 ,T-34-57 (1943) 
ussr_t_34_85_zis_53 ,T-34-85 
ussr_t_34_85_d_5t ,T-34-85 (D-5T) 
ussr_t_34_85E ,T-34-85E 
ussr_t_34E ,T-34E 
ussr_t_34E_STZ ,T-34E STZ 
ussr_t_35 ,T-35 
ussr_t_44 ,T-44 
ussr_t_44_100 ,T-44-100 
ussr_t_44_122 ,T-44-122 
ussr_t_50 ,T-50 
ussr_t_54_1947 ,T-54 (1947) 
ussr_t_54_1949 ,T-54 (1949) 
ussr_t_54_1951 ,T-54 (1951) 
ussr_t_55a ,T-55A 
ussr_t_55_am ,T-55AM-1 
ussr_t_55_amd_1 ,T-55AMD-1 
ussr_t_60_1941 ,T-60 
ussr_t_62 ,T-62 
ussr_t_62m1 ,T-62M-1 
ussr_t_64a_1971 ,T-64A (1971) 
ussr_t_64_b_1984 ,T-64B 
ussr_t_70_1942 ,T-70 
ussr_t_72a ,T-72A 
ussr_t_72av_turms ,T-72AV (TURMS-T) 
ussr_t_72b ,T-72B 
ussr_t_72b_1989 ,T-72B (1989) 
ussr_t_72b3_2011 ,T-72B3 
ussr_t_72m2_moderna ,T-72M2 Moderna 
ussr_t_80 ,T-80 
ussr_t_80b ,T-80B 
ussr_t_80bvm ,T-80BVM 
ussr_t_80u_race ,T-80U 
ussr_t_80u ,T-80U 
ussr_t_80ud ,T-80UD 
ussr_t_80uk ,T-80UK 
ussr_t_80um2 ,T-80UM2 
ussr_t_90m_2020 ,T-90M 
ussr_to_55 ,TO-55 
ussr_zsu_29k ,YaG-10 (29-K) 
ussr_zis_12_94KM_1945 ,ZiS-12 (94-KM) 
ussr_zis_30 ,ZiS-30 
ussr_zis_43 ,ZiS-43 
ussr_zsu_23_4 ,ZSU-23-4 
ussr_zsu_23_4m4 ,ZSU-23-4M4 
ussr_zsu_37 ,ZSU-37 
ussr_zsu_37_2 ,ZSU-37-2 
ussr_zsu_57_2 ,ZSU-57-2 
ussr_zut_37 ,ZUT-37 
ussr_t_90a ,T-90A
uk_ac1_sentinel ,A.C.I 
uk_ac4_thunderbolt ,A.C.IV 
uk_a_13_mk1 ,A13 Mk I 
uk_a_13_mk1_3rd_rtr ,A13 Mk I (3rd R.T.R.) 
uk_a_13_mk2 ,A13 Mk II 
uk_a_13_mk2_1939 ,A13 Mk II 1939 
uk_17_pdr_m10_achilles ,Achilles 
uk_17_pdr_m10_achilles_norfolk_yeomanry ,Achilles (65 Rg.) 
uk_adats_m113a3 ,ADATS (M113) 
uk_armored_car_mk_2_aa ,AEC AA 
uk_armored_car_aec_mk_2 ,AEC Mk II 
uk_alecto_mk_1 ,Alecto I 
uk_sp_17_pdr_valentine ,Archer 
uk_a30_sp_avenger ,Avenger 
uk_t_90s_bheeshma ,Bhishma TWMP 
uk_challenger_2_bn ,Black Night 
uk_a_43_black_prince ,Black Prince 
uk_bosvark ,Bosvark 
uk_fv221_caernarvon ,Caernarvon 
uk_centurion_action_x ,Centurion Action X 
uk_centurion_mk_1 ,Centurion Mk 1 
uk_centurion_mk_10 ,Centurion Mk 10 
uk_centurion_mk_3 ,Centurion Mk 3 
uk_centurion_mk_2 ,Centurion Mk.2 
uk_centurion_mk_5_avre_era ,Centurion Mk.5 AVRE 
uk_centurion_mk_5_raac ,Centurion Mk.5/1 
uk_a30_challenger ,Challenger 
uk_challenger_II ,Challenger 2 
uk_challenger_2_dorchester ,Challenger 2 (2F) 
uk_challenger_2_megatron ,Challenger 2 OES 
uk_challenger_2_tes ,Challenger 2 TES 
uk_challenger_2e ,Challenger 2E 
uk_challenger_2_lep ,Challenger 3 TD 
uk_challenger_1_mk_3_gulf ,Challenger DS 
uk_challenger_1 ,Challenger Mk.2 
uk_challenger_mk_3 ,Challenger Mk.3 
uk_charioteer_mk_7 ,Charioteer Mk VII 
uk_chieftain_marksman ,Chieftain Marksman 
uk_chieftain_mk_10 ,Chieftain Mk 10 
uk_chieftain_mk_3 ,Chieftain Mk 3 
uk_chieftain_mk_5 ,Chieftain Mk 5 
uk_a_22f_mk_7_churchill_crocodile ,Churchill Crocodile 
uk_a_22_mk_1_churchill_1941 ,Churchill I 
uk_a_22b_mk_3_churchill_1942 ,Churchill III 
uk_churchill_na75 ,Churchill NA75 
uk_a_22f_mk_7_churchill_1944 ,Churchill VII 
uk_a_34_comet ,Comet I 
uk_a_34_comet_iron_duke ,"Comet I ""Iron Duke IV"" "
uk_concept3_ngac ,Concept 3 
uk_conqueror_mk_2 ,Conqueror 
uk_fv4004_conway ,Conway 
uk_a27m_cromwell_1 ,Cromwell I 
uk_a27m_cromwell_5 ,Cromwell V 
uk_a27m_cromwell_5_rp3 ,Cromwell V (RP-3) 
uk_crusader_mk_2_the_saint ,"Crusader ""The Saint"" "
uk_crusader_aa_mk_1 ,Crusader AA Mk I 
uk_crusader_aa_mk_2 ,Crusader AA Mk II 
uk_crusader_mk_2 ,Crusader II 
uk_crusader_mk_3 ,Crusader III 
uk_daimler_mk_2 ,Daimler Mk II 
uk_eland_90_mk_7 ,Eland 90 Mk.7 
uk_a_33_excelsior ,Excelsior 
uk_falcon ,Falcon 
uk_fv721_fox ,Fox 
uk_fv4005 ,FV4005 
uk_fv4202 ,FV4202 
uk_g6_spg ,G6 
uk_mk1_grant ,Grant I 
uk_3_inch_gun_carrier ,Gun Carrier (3-in) 
uk_a1e1_independent ,Independent 
uk_khalid ,Khalid 
uk_vickers_mk_6_aa_mk_1 ,Light AA Mk I 
uk_matilda_hedgehog ,Matilda Hedgehog 
uk_a_12_mk_2_matilda_2 ,Matilda III 
uk_olifant_mk_1a ,Olifant Mk.1A 
uk_olifant_mk_2 ,Olifant Mk.2 
uk_ram_90mm_aa ,QF 3.7 Ram 
uk_ratel_20 ,Ratel 20 
uk_ratel_90 ,Ratel 90 
uk_rooikat_105_td ,Rooikat 105 
uk_rooikat_76 ,Rooikat Mk.1D 
uk_rooikat_mttd ,Rooikat MTTD 
uk_sarc_mk4_a ,SARC MkIVa 
uk_marmon_herrington_mk_6_2pdr ,SARC MkVI (2pdr) 
uk_marmon_herrington_mk_6_6pdr ,SARC MkVI (6pdr) 
uk_sherman_vc_firefly ,Sherman Firefly 
uk_sherman_ic_firefly ,"Sherman IC ""Trzyniec"" "
uk_sherman_II ,Sherman II 
uk_skink_aa ,Skink 
uk_t17e2 ,Staghound AA 
uk_stormer_hvm ,Stormer HVM 
uk_fv102_striker ,Striker 
uk_m3_stuart ,Stuart I 
uk_m3a1_stuart ,Stuart III 
uk_fv438_swingfire ,Swingfire 
uk_a17_mk_1_tetrarch ,Tetrarch I 
uk_tog_2 ,TOG II 
uk_a39_tortoise ,Tortoise 
uk_ttd ,TTD 
uk_valentine_mk_1 ,Valentine I 
uk_valentine_mk_9 ,Valentine IX 
uk_valentine_mk_11 ,Valentine XI 
uk_vfm_5 ,VFM5 
uk_vickers_mbt_mk_1 ,Vickers Mk.1 
uk_vickers_mk_11 ,Vickers Mk.11 
uk_vickers_mbt_mk_3 ,Vickers Mk.3 
uk_vickers_mk7 ,Vickers Mk.7 
uk_vijayanta ,Vijayanta 
uk_fv510_isv ,Warrior 
uk_ystervark_spaa ,Ystervark 
uk_rooikat_za_35 ,ZA-35 
uk_ratel_zt3 ,ZT3A2 
uk_challenger_II_yt_cup_2019 ,␙Challenger 2 
uk_m109a1 ,▄M109A1 
uk_centurion_shot_kal_d ,▄Sho't Kal Dalet 
uk_centurion_mk_3_ss11 ,▄Strv 81 (RB 52)
jp_pzkpfw_VI_ausf_e_tiger ,▅Heavy Tank No.6 
jp_halftrack_m16 ,▅M16 MGMC 
jp_m19 ,▅M19A1 
jp_m24_chaffee ,▅M24 
jp_m36b2_jgsdf ,▅M36 
jp_m41_walker_bulldog ,▅M41A1 
jp_m42_duster ,▅M42 
jp_m47_patton_II ,▅M47 
jp_m4a3e8_76w_sherman ,▅M4A3 (76) W 
jp_type_97_chi_ha ,Chi-Ha 
jp_type_97_kai ,Chi-Ha Kai 
jp_type_97_kai_td ,Chi-Ha Kai TD 
jp_navy_120mm_spg ,Chi-Ha LG 
jp_type_97_chi_ha_12cm ,Chi-Ha Short Gun 
jp_type_1_chi_he ,Chi-He 
jp_type_1_chi_he_5th_regiment ,Chi-He (5th Regiment) 
jp_type_3_chi_nu ,Chi-Nu 
jp_type_3_chi_nu_75cm_type_5 ,Chi-Nu II 
jp_type_5_chi_ri ,Chi-Ri II 
jp_type_4_chi_to ,Chi-To 
jp_type_4_chi_to_late ,Chi-To Late 
jp_type_95_ha_go ,Ha-Go 
jp_type_95_ha_go_commander ,Ha-Go Commander 
jp_type_2_ho_i ,Ho-I 
jp_type_3_ho_ni_I ,Ho-Ni I 
jp_type_3_ho_ni_III ,Ho-Ni III 
jp_type_5_ho_ri_production ,Ho-Ri Production 
jp_type_5_ho_ri_prototype ,Ho-Ri Prototype 
jp_type_4_ho_ro ,Ho-Ro 
jp_type_89b_i_go_otsu ,I-Go Ko 
jp_type_3_ka_chi ,Ka-Chi 
jp_type_2_ka_mi ,Ka-Mi 
jp_type_98_ke_ni ,Ke-Ni 
jp_type_5_na_to ,Na-To 
jp_type_95_heavy ,Ro-Go 
jp_hiro_sha ,Ro-Go Exp. 
jp_type_95_so_ki ,So-Ki 
jp_st_a1 ,ST-A1 
jp_st_a2 ,ST-A2 
jp_st_a3 ,ST-A3 
jp_st_b1 ,STB-2 
jp_sub_i_ii_20mm ,SUB-I-II 
jp_type_98_ta_se ,Ta-Se 
jp_tkx_prot ,TKX 
jp_type_10_prototype ,TKX (P) 
jp_type_10 ,Type 10 
jp_type_16 ,Type 16 
jp_type_16_mod ,Type 16 (FPS) 
jp_type_16_mcv_prot ,Type 16 (P) 
jp_type_60_atm ,Type 60 ATM 
jp_type_60_sprg ,Type 60 SPRG (C) 
jp_type_61 ,Type 61 
jp_type_74_c ,Type 74 (C) 
jp_type_74 ,Type 74 (E) 
jp_type_74_f ,Type 74 (F) 
jp_type_74_mod_g_kai ,Type 74 (G) 
jp_type_75_mlrs ,Type 75 MLRS 
jp_type_75 ,Type 75 SPH 
jp_type_81_tansam ,Type 81 (C) 
jp_type_87 ,Type 87 
jp_type_87_rcv ,Type 87 RCV 
jp_type_87_rcv_prot ,Type 87 RCV (P) 
jp_type_89 ,Type 89 
jp_type_90 ,Type 90 
jp_type_90b ,Type 90 (B) 
jp_type_90b_camo ,"Type 90 (B) ""Fuji"" "
jp_type_93 ,Type 93 
jp_type_94 ,Type 94 
jp_type_99 ,Type 99
cn_type_97_chi_ha ,␗Chi-Ha 
cn_type_97_kai ,␗Chi-Ha Kai 
cn_is_2_1943 ,␗IS-2 
cn_is_2_1944 ,␗IS-2 (1944) 
cn_isu_122 ,␗ISU-122 
cn_isu_152 ,␗ISU-152 
cn_m10 ,␗M10 GMC 
cn_m113a1_tow ,␗M113A1 (TOW) 
cn_m18_hellcat ,␗M18 GMC 
cn_m24_chaffee ,␗M24 
cn_m36 ,␗M36 GMC 
cn_m3a3_stuart_1st_ptg ,␗M3A3 (1st PTG) 
cn_m3a3_stuart ,␗M3A3 Stuart 
cn_m41_a3_walker_bulldog ,␗M41A3 
cn_m42_duster ,␗M42 
cn_m48a1_patton_III ,␗M48A1 
cn_m4a1_76w_sherman ,␗M4A1 (75) W 
cn_m4a4_sherman ,␗M4A4 
cn_m4a4_sherman_1st_ptg ,␗M4A4 (1st PTG) 
cn_m5a1_stuart ,␗M5A1 
cn_m60a3_tts ,␗M60A3 TTS 
cn_m8_scott ,␗M8 HMC 
cn_m8_greyhound ,␗M8 LAC 
cn_pt_76 ,␗PT-76 
cn_sdkfz_222_early ,␗Sd.Kfz.222 
cn_su_100_1945 ,␗SU-100 
cn_su_76m_1943 ,␗SU-76M 
cn_t_26_1940 ,␗T-26 
cn_t_34_1942 ,␗T-34 (1943) 
cn_t_34_85_d_5t ,␗T-34-85 (S-53) 
cn_hj_9 ,AFT09 
cn_bt_5 ,BT-5 
cn_gmc_cckw_353_m45_quad ,CCKW 353 (M45) 
cn_cm11 ,CM11 
cn_cm_25 ,CM25 
cn_type_95_ha_go ,Ha-Go 
cn_is_2_1943_no402 ,IS-2 No.402 
cn_lvt_4_zis_2 ,LVT(A)(4) (ZiS-2) 
cn_m_41d ,M41D 
cn_type_64 ,M64 
cn_mbt2000 ,MBT-2000 
cn_object_122tm ,"Object 122MT ""MC"" "
cn_object_211 ,Object 211 
cn_pgz_04a ,PGZ04A 
cn_pgz_09 ,PGZ09 
cn_type_65_aa ,Phong khong T-34 
cn_plz_83 ,PLZ83 
cn_ptl_02 ,PTL02 
cn_ptz_89 ,PTZ89 
cn_qn506 ,QN506 
cn_t_26_no531 ,T-26 No.531 
cn_t_34_85_zis_53_no215 ,T-34-85 No.215 
cn_type_69_2g ,T-69 II G 
cn_tor_m1 ,Tor-M1 
cn_type_59 ,Type 59 
cn_type_62 ,Type 62 
cn_type_63_I ,Type 63 
cn_type_69 ,Type 69 
cn_type_69_2a ,Type 69-IIa 
cn_vt_4b ,VT4A1 
cn_wma_301 ,WMA301 
cn_wz_1001 ,WZ1001(E) LCT 
cn_wz_305 ,WZ305 
cn_zbd_04a ,ZBD04A 
cn_type_86 ,ZBD86 
cn_ztl_11 ,ZLT11 
cn_zsd63_pg87 ,ZSD63/PG87 
cn_zts_63_1980 ,ZTS63 
cn_ztz_59a ,ZTZ59A 
cn_type_59d ,ZTZ59D1 
cn_ztz_88a ,ZTZ88A 
cn_ztz_88b ,ZTZ88B 
cn_ztz_96 ,ZTZ96 
cn_ztz_96a_race ,ZTZ96A 
cn_ztz_96a ,ZTZ96A 
cn_ztz_96a_prot ,ZTZ96A (P) 
cn_ztz_99 ,ZTZ99-II 
cn_ztz_99_w ,ZTZ99-III 
cn_ztz_99a ,ZTZ99A 
cn_type_58 ,T-34-85 Gai 
cn_t_62 ,T-62 №545
it_leopard_1a5 ,▄Leopard 1A5 
it_m109g ,▄M109G 
it_m18_hellcat ,▄M18 
it_m24_chaffee ,▄M24 
it_m3a3_stuart ,▄M3A3 
it_pzkpfw_III_ausf_N ,▄Pz.III N 
it_pzkpfw_IV_ausf_G ,▄Pz.IV G 
it_sherman_75_37 ,▄Sherman I Composito 
it_m4a4_sherman ,▄Sherman V 
it_sherman_vc_firefly ,▄Sherman Vc 
it_stug_III_ausf_G ,▄StuG III G 
it_2s1 ,◔2S1 
it_btr_80a_hungary ,◔BTR-80A 
it_leopard_2a4 ,◔Leopard 2A4 
it_t_72m1 ,◔T-72M1 
it_zsu_23_4 ,◔ZSU-23-4 
it_zsu_57_2 ,◔ZSU-57-2 
it_semovente_m43_105 ,105/25 M43 
it_semovente_l40 ,47/32 L40 
it_semovente_m41_75_18 ,75/18 M41 
it_semovente_m41_75_32 ,75/32 M41 
it_semovente_m42_75_34 ,75/34 M42 
it_semovente_m43_75_34 ,75/34 M43 
it_semovente_m43_75_46 ,75/46 M43 
it_semovente_m41m_90 ,90/53 M41M 
it_ab_41 ,AB 41 
it_ab_43 ,AB 43 
it_c1_ariete ,Ariete 
it_c1_ariete_preserie ,Ariete (P) 
it_ariete_amv_pt1 ,Ariete AMV 
it_c1_ariete_pso ,Ariete PSO 
it_as_42_metropolitana ,AS 42 
it_as_42_47 ,AS 42/47 
it_fiat_6616_cockerill ,AUBL/74 
it_aubl_74_60_70m ,AUBL/74 HVG 
it_semovente_breda_501 ,Breda 501 
it_breda_52_autocannone ,Breda 90/53 
it_c13_t90 ,C13 T90 
it_sahariano ,Celere Sahariano 
it_b1_centauro ,Centauro I 105 
it_b1_centauro_romor ,Centauro I 105 R 
it_centauro_mgs_120 ,Centauro I 120 
it_centauro_rgo_120 ,Centauro RGO 
it_fiat_cm52 ,CM52 
it_39m_csaba ,Csaba 
it_dardo_vcc ,Dardo 
it_fiat_6614_106sr ,FIAT 6614 
it_freccia ,Freccia 
it_kf_41 ,KF41 
it_l3_cc ,L3/33 CC 
it_l6 ,L6/40 
it_l6_leone ,L6/40 (31 Rgt.) 
it_lancia3ro_100 ,Lancia 3Ro (100/17) 
it_leopard_bofors ,Leopard 40/70 
it_m11_39 ,M11/39 
it_m113a1_tow ,M113A1 (TOW) 
it_m13_40_serie_1 ,M13/40 (I) 
it_m13_40_serie_2 ,M13/40 (II) 
it_m13_40_serie_3 ,M13/40 (III) 
it_m14_41 ,M14/41 
it_m14_41_47_40 ,M14/41 (47/40) 
it_m15_42 ,M15/42 
it_m26_ariete ,"M26 ""D.C.Ariete"" "
it_m26a1_pershing ,M26A1 
it_m36b1 ,M36B1 
it_m15_42_contraereo ,M42 Contraereo 
it_semovente_m43_105_leoncello ,"M43 ""G.C.Leoncello"" "
it_m47_105 ,M47 (105/55) 
it_m60a1_ariete ,"M60A1 ""D.C.Ariete"" "
it_of_40_mk_1 ,OF-40 
it_of_40_mtca ,OF-40 (MTCA) 
it_of_40_mk_2a ,OF-40 Mk.2A 
it_otomatic ,OTOMATIC 
it_p_40 ,P40 
it_p_26_40 ,"P40 ""G.C. Leoncello"" "
it_oto_r3_106sr ,R3 T106 FA 
it_oto_r3_t20_fa ,R3 T20 FA-HS 
it_sherman_VII ,Sherman Ic 
it_otobreda_sidam_25 ,SIDAM 25 
it_otobreda_sidam_25_mistral ,SIDAM 25 (Mistral) 
it_pzkpfw_VI_ausf_e_tiger ,Tigris 
it_toldi_II_a ,Toldi IIA 
it_40m_turan_1 ,Turan I 
it_41m_turan_2 ,Turan II 
it_43m_turan_3 ,Turan III 
it_vbc_pt2 ,VBC (PT2) 
it_vcc_80_hitfist_30 ,VCC-80/30 
it_vcc_80_hitfist_60 ,VCC-80/60 
it_vrcc_centauro ,VRCC 
it_44m_zrinyi_1 ,Zrinyi I 
it_40_43m_zrinyi_2 ,Zrinyi II
fr_crusader_mk_2 ,▄Crusader Mk.II 
fr_crotale_ng ,▄ItO 90M 
fr_m10 ,▄M10 GMC 
fr_m26_pershing ,▄M26 
fr_m36b2_cefeo ,▄M36B2 
fr_m3a3_stuart ,▄M3A3 Stuart 
fr_m4a1_sherman ,▄M4A1 
fr_m4a3_105_sherman ,▄M4A3 (105) 
fr_m4a3e2_sherman_jumbo ,▄M4A3E2 
fr_m4a4_sherman ,▄M4A4 
fr_char_2c ,2C 
fr_char_2c_bis ,2C bis 
fr_amc_34 ,AMC.34 YR 
fr_amc_35 ,AMC.35 (ACG.1) 
fr_amd_35 ,AMD.35 
fr_amd_35_sa35 ,AMD.35 (SA35) 
fr_aml_90 ,AML-90 
fr_amr_35_zt3 ,AMR.35 ZT3 
fr_amx_m4 ,AMX M4 
fr_amx_10m_acra ,AMX-10M 
fr_amx_10p ,AMX-10P 
fr_amx_10rc ,AMX-10RC 
fr_amx_13_75 ,AMX-13 
fr_amx_13_fl_11 ,AMX-13 (FL11) 
fr_amx_13_hot ,AMX-13 (HOT) 
fr_amx_13_75_ss11 ,AMX-13 (SS.11) 
fr_amx_13_dca_40 ,AMX-13 DCA 40 
fr_amx_13_90 ,AMX-13-90 
fr_amx_13_chaffee ,AMX-13-M24 
fr_amx_30 ,AMX-30 
fr_amx_30_1972 ,AMX-30 (1972) 
fr_amx_30_ACRA ,AMX-30 ACRA 
fr_amx_30_dca ,AMX-30 S DCA 
fr_amx_30_super ,AMX-30 Super 
fr_amx_30_b2 ,AMX-30B2 
fr_amx_30_b2_brenus ,AMX-30B2 BRENUS 
fr_amx_32 ,AMX-32 
fr_amx_32_105 ,AMX-32 (105) 
fr_amx_40 ,AMX-40 
fr_amx_50_1950 ,AMX-50 (TO90/930) 
fr_amx_50 ,AMX-50 (TOA100) 
fr_amx_50_foch ,AMX-50 Foch 
fr_amx_50_surbaisse ,AMX-50 Surbaisse 
fr_amx_50_surblinde ,AMX-50 Surblinde 
fr_arl_44 ,ARL-44 
fr_arl_44_acl1 ,ARL-44 (ACL-1) 
fr_amx_30_auf_1 ,AuF1 
fr_b1_bis ,B1 bis 
fr_b1_ter ,B1 ter 
fr_lorraine_100 ,CA Lorraine 
fr_cckw_353_bofors ,CCKW 353 AA 
fr_bat_chat_25t ,Char 25t 
fr_renault_d2 ,D2 
fr_panhard_ebr_1951 ,E.B.R. (1951) 
fr_panhard_ebr_1954 ,E.B.R. (1954) 
fr_panhard_ebr_1963 ,E.B.R. (1963) 
fr_amx_elc_bis ,ELC bis 
fr_fcm_36 ,FCM.36 
fr_hotchkiss_h35 ,H.35 
fr_hotchkiss_h39 ,H.39 
fr_hotchkiss_h39_cambronne ,"H.39 ""Cambronne"" "
fr_leclerc_s1 ,Leclerc 
fr_leclerc_azur ,Leclerc AZUR 
fr_leclerc_s2 ,Leclerc S2 
fr_leclerc_sxxi ,Leclerc SXXI 
fr_lorraine_155 ,Lorraine 155 Mle.50 
fr_lorraine_37l ,Lorraine 37L 
fr_lorraine_40t ,Lorraine 40t 
fr_lvt_bofors ,LVT-4/40 
fr_m4a1_sherman_fl_10 ,M4A1 (FL10) 
fr_m4a4_cn_75_50 ,M4A4 (SA50) 
fr_mars_15 ,MARS 15 
fr_vcac_mephisto ,MEPHISTO 
fr_citroen_kegresse_p4t ,P.7.T AA 
fr_pzkpfw_V_panther_dauphine ,"Panther ""Dauphine"" "
fr_renault_r39 ,R.35 (SA38) 
fr_amx_30_roland ,Roland 1 
fr_somua_s35 ,S.35 
fr_vab_santal ,SANTAL 
fr_somua_sau40 ,SAu 40 
fr_sk105_a2 ,SK-105A2 
fr_somua_sm ,Somua SM 
fr_tpk_641_vpc ,TPK 6.41 
fr_vbci2_mct30 ,VBCI-2 (MCT30) 
fr_amx_vtt_dca ,VTT DCA
sw_asrad_r ,ASRAD-R 
sw_bkan_1c ,Bkan 1C 
sw_bt_42 ,BT-42 
sw_strv121b_christian2 ,Christian II 
sw_patria_amv_ctcv_105 ,CT-CV 105HP 
sw_cv_90105_tml ,CV 90105 
sw_cv_90120 ,CV 90120 
sw_cv_9030_fin ,CV9030FIN 
sw_ikv_103 ,Ikv 103 
sw_ikv_72 ,Ikv 72 
sw_ikv_73 ,Ikv 73 
sw_ikv_91 ,Ikv 91 
sw_ikv_91_105 ,Ikv 91-105 
sw_crotale_ng ,ItO 90M 
sw_itpsv_90 ,ItPsV Leopard 
sw_l_62_anti_II ,L-62 ANTI II 
sw_lago_1 ,Lago I 
sw_leopard_1a5no ,Leopard 1A5NO2 
sw_lvkv_42 ,Lvkv 42 
sw_lvkv_90c ,Lvkv 9040C 
sw_lvrbv_701 ,Lvrbv 701 
sw_tgdgb_m40_lv ,Lvtdgb m/40 
sw_pbil_m40 ,Pbil m/40 
sw_pbv_301 ,Pbv 301 
sw_pbv_302_bill ,Pbv 302 (BILL) 
sw_pbv_501 ,Pbv 501 
sw_pvkv_II ,Pvkv II 
sw_pvkv_III ,Pvkv III 
sw_pvkv_iv ,Pvkv IV 
sw_pvkv_m43_1946 ,Pvkv m/43 (1946) 
sw_pvkv_m43_1963 ,Pvkv m/43 (1963) 
sw_pvlvv_fm42 ,Pvlvv fm/42 
sw_pvrbv_551 ,Pvrbv 551 
sw_sav_fm48 ,SAV 20.12.48 
sw_sav_m43_1944 ,Sav m/43 (1944) 
sw_sav_m43_1946 ,Sav m/43 (1946) 
sw_sherman_3_4 ,Sherman III/IV 
sw_stormpjas_fm43_44 ,Spj fm/43-44 
sw_strf_9056 ,Strf 9040 BILL 
sw_strf_90b ,Strf 9040B 
sw_strf_90c ,Strf 9040C 
sw_strv_101 ,Strv 101 
sw_strv_103_0 ,Strv 103-0 
sw_strv_103a ,Strv 103A 
sw_strv_103c ,Strv 103C 
sw_strv_104 ,Strv 104 
sw_strv_105 ,Strv 105 
sw_strv_121 ,Strv 121 
sw_strv_122 ,Strv 122A 
sw_strv_122b_plss ,Strv 122B PLSS 
sw_strv_122b_plus ,Strv 122B+ 
sw_strv_74 ,Strv 74 
sw_strv_81 ,Strv 81 
sw_strv_81_rb52 ,Strv 81 (RB 52) 
sw_strv_m31 ,Strv m/31 
sw_strv_m38 ,Strv m/38 
sw_strv_m39 ,Strv m/39 
sw_strv_m39_td ,Strv m/39 TD 
sw_strv_m40l ,Strv m/40L 
sw_strv_m41_s1 ,Strv m/41 S-I 
sw_strv_m41_s2 ,Strv m/41 S-II 
sw_strv_m42_delat_torn ,Strv m/42 DT 
sw_strv_m42_eh ,Strv m/42 EH 
sw_t_80u ,T 80 U 
sw_landsverk_ush_405 ,U-SH 405 
sw_udes_33 ,UDES 33 
sw_veak_40 ,VEAK 40 
sw_vickers_mk_e_37 ,Vickers Mk.E 
sw_k9_vidar ,VIDAR 
sw_charioteer_mk_7 ,▄Charioteer Mk VII 
sw_a_34_comet ,▄Comet I 
sw_leopard_2a4_fin ,▄Leopard 2A4 
sw_leopard_2a6nl ,▄Leopard 2A6 
sw_pt_76b ,▄PT-76 
sw_pzkpfw_IV_ausf_J ,▄Pz.IV 
sw_vickers_mk_e_45 ,▄T-26E 
sw_t_28 ,▄T-28 
sw_t_34_1941 ,▄T-34 
sw_t_34_85_zis_53 ,▄T-34-85 
sw_t_54_1951 ,▄T-54 
sw_t_55m ,▄T-55M 
sw_t_72m1 ,▄T-72M1 
sw_zsu_57_2 ,▄ZSU-57-2
il_magach_6b_gal_batash ,Gal Batash 
il_m113a1_tow ,Giraf 
il_m163_vulcan ,Hovet 
il_m_51 ,M-51 
il_m_51_w ,M-51 (W) 
il_machbet ,Machbet 
il_m48a1_patton_III ,Magach 1 
il_magach_2 ,Magach 2 
il_magach_3_idf ,Magach 3 
il_magach_3 ,Magach 3 (ERA) 
il_magach_5 ,Magach 5 
il_magach_6 ,Magach 6 
il_magach_6a ,Magach 6A 
il_magach_6b ,Magach 6B 
il_magach_6b_gal ,Magach 6B Gal 
il_magach_6c ,Magach 6C 
il_magach_6m ,Magach 6M 
il_magach_6r ,Magach 6R 
il_magach_7c ,Magach 7C 
il_magach_6_rocket ,Magach Hydra 
il_merkava_mk_1b ,Merkava Mk.1B 
il_merkava_mk_2b_early ,Merkava Mk.2B 
il_merkava_mk_2d ,Merkava Mk.2D 
il_merkava_mk_3b ,Merkava Mk.3B 
il_merkava_mk_3c ,Merkava Mk.3C 
il_merkava_mk_4_lic ,Merkava Mk.4 LIC 
il_merkava_mk_4b ,Merkava Mk.4B 
il_merkava_mk_4m ,Merkava Mk.4M 
il_merkava_mk_3_raam_segol ,Ra'am Sagol 
il_m109a1 ,Rochev 
il_centurion_mk_5_shot ,Sho't 
il_centurion_shot_kal_alef ,Sho't Kal Alef 
il_centurion_shot_kal_d ,Sho't Kal Dalet 
il_centurion_shot_kal_gimel ,Sho't Kal Gimel 
il_tcm_20 ,TCM-20 
il_tiran_4 ,Tiran 4 
il_tiran_4_sh ,Tiran 4S 
il_ss_11_halftrack ,Zachlam Tager 
il_aml_90 ,AML-90 
il_amx_13_75 ,AMX-13 
il_mim_72_chaparral ,Imp.Chaparral 
il_m109 ,M109 
il_zsu_23_4 ,ZSU-23-4 
il_zsu_57_2 ,ZSU-57-2
germ_at_gun_flak36 ,3.7 cm FlaK 36 
germ_sturmmorser_sturmtiger_event ,38 cm Sturmmörser 
germ_at_gun_pak40 ,7.5 cm PaK 40 
us_amx_13_75 ,AMX-13 
us_amx_13_90 ,AMX-13-90 
uk_crusader_aa_mk_2_tutorial ,Crusader AA Mk II 
germ_leichter_ladungstrager_303a ,Goliath 303a 
us_m26_pershing_tutorial ,M26 
us_m4a2_76w_sherman_tutorial ,M4A2 (76) W 
germ_panther_II_tutorial ,Panther II 
ussr_t_50_for_tutorial ,T-50 
ussr_t_72b3_2017_race ,T-72B3 
us_m551_football ,us_m551_football 
ussr_m551_football ,ussr_m551_football 
ucav_mq_1_predator ,MQ-1 
ucav_orion ,Orion 
ucav_wing_loong_i ,Wing Loong I 
ucav_recon_micro ,Recon Micro 
ucav_recon_micro_flir ,Recon Micro 
ucav_mq_1_predator_usa_killstreak ,MQ-1 
ucav_mq_1_predator_uk_killstreak ,MQ-1 
ucav_mq_1_predator_sweden_killstreak ,MQ-1 
ucav_mq_1_predator_france_killstreak ,MQ-1 
ucav_mq_1_predator_japan_killstreak ,MQ-1 
ucav_mq_1_predator_germany_killstreak ,MQ-1 
ucav_mq_1_predator_iaf_killstreak ,MQ-1 
ucav_mq_1_predator_italy_killstreak ,MQ-1 
ucav_orion_killstreak ,Orion 
ucav_wing_loong_i_killstreak ,Wing Loong I 
